101,Yo nunca nunca he tenido un crush con un personaje de dibujos o anime.,I have never ever had a crush on a cartoon or anime character.,Je n'ai jamais eu le beguin pour un personnage de dessin anime ou anime.,Non ho mai avuto una cotta per un personaggio dei cartoni o degli anime.,Ich hatte noch nie einen Crush auf eine Zeichentrick- oder Anime-Figur.,Eu nunca nunca tive um crush por um personagem de desenhos ou anime.,我从未暗恋过动漫角色。
102,Yo nunca nunca he ensayado mi forma de ligar frente al espejo.,I have never ever practiced flirting in front of the mirror.,Je n'ai jamais repete ma facon de draguer devant le miroir.,Non ho mai provato a flirtare davanti allo specchio.,Ich habe noch nie das Flirten vor dem Spiegel geuebt.,Eu nunca nunca ensaiei a minha forma de engatar em frente ao espelho.,我从未对着镜子练习搭讪。
103,Yo nunca nunca he creado un perfil falso en una app de citas para espiar.,I have never ever created a fake dating profile to spy on someone.,Je n'ai jamais cree un faux profil de rencontre pour espionner quelqu'un.,Non ho mai creato un profilo falso su un'app di incontri per spiare.,Ich habe noch nie ein falsches Dating-Profil erstellt um jemanden auszuspionieren.,Eu nunca nunca criei um perfil falso numa app de encontros para espiar.,我从未在交友软件上创建假资料去偷看别人。
104,Yo nunca nunca he pasado un momento vergonzoso durante un momento intimo.,I have never ever had an embarrassing moment during an intimate situation.,Je n'ai jamais vecu un moment embarrassant pendant un moment intime.,Non ho mai avuto un momento imbarazzante durante un momento intimo.,Ich hatte noch nie einen peinlichen Moment in einer intimen Situation.,Eu nunca nunca passei um momento embaracoso durante um momento intimo.,我从未在亲密时刻经历过尴尬的事。
105,Yo nunca nunca he mentido sobre mi estado sentimental en redes sociales.,I have never ever lied about my relationship status on social media.,Je n'ai jamais menti sur mon statut amoureux sur les reseaux sociaux.,Non ho mai mentito sul mio stato sentimentale sui social.,Ich habe noch nie ueber meinen Beziehungsstatus in sozialen Medien gelogen.,Eu nunca nunca menti sobre o meu estado sentimental nas redes sociais.,我从未在社交媒体上谎报恋爱状态。
106,Yo nunca nunca he tenido un crush con mi mejor amigo o amiga.,I have never ever had a crush on my best friend.,Je n'ai jamais eu le beguin pour mon meilleur ami ou ma meilleure amie.,Non ho mai avuto una cotta per il mio migliore amico o la mia migliore amica.,Ich hatte noch nie einen Crush auf meinen besten Freund oder meine beste Freundin.,Eu nunca nunca tive um crush pelo meu melhor amigo ou amiga.,我从未暗恋过自己的好朋友。
107,Yo nunca nunca he besado a alguien con comida en la boca.,I have never ever kissed someone with food in my mouth.,Je n'ai jamais embrasse quelqu'un avec de la nourriture dans la bouche.,Non ho mai baciato qualcuno con il cibo in bocca.,Ich habe noch nie jemanden mit Essen im Mund gekuesst.,Eu nunca nunca beijei alguem com comida na boca.,我从未嘴里含着食物亲过人。
108,Yo nunca nunca me he enamorado de alguien por mensajes antes de conocerlo en persona.,I have never ever fallen for someone through texts before meeting them in person.,Je n'ai jamais craque pour quelqu'un par messages avant de le rencontrer en personne.,Non mi sono mai innamorato di qualcuno via messaggi prima di incontrarlo di persona.,Ich habe mich noch nie per Nachrichten in jemanden verliebt bevor ich die Person persoenlich traf.,Eu nunca nunca me apaixonei por alguem por mensagens antes de o conhecer pessoalmente.,我从未在见面之前就通过聊天爱上一个人。
109,Yo nunca nunca he tenido un sueno romantico con un personaje ficticio.,I have never ever had a romantic dream about a fictional character.,Je n'ai jamais fait un reve romantique avec un personnage fictif.,Non ho mai fatto un sogno romantico con un personaggio di finzione.,Ich hatte noch nie einen romantischen Traum ueber eine fiktive Figur.,Eu nunca nunca tive um sonho romantico com um personagem ficticio.,我从未梦到过和虚构角色的浪漫场景。
110,Yo nunca nunca me he ido a mitad de una cita.,I have never ever left in the middle of a date.,Je ne suis jamais parti au milieu d'un rendez-vous.,Non me ne sono mai andato a meta di un appuntamento.,Ich bin noch nie mitten in einem Date gegangen.,Eu nunca nunca fui embora a meio de um encontro.,我从未在约会中途离开。
111,Yo nunca nunca he recibido un poema o cancion escrita para mi.,I have never ever received a poem or song written for me.,Je n'ai jamais recu un poeme ou une chanson ecrite pour moi.,Non ho mai ricevuto una poesia o canzone scritta per me.,Ich habe noch nie ein Gedicht oder Lied bekommen das fuer mich geschrieben wurde.,Eu nunca nunca recebi um poema ou cancao escrita para mim.,我从未收到过别人为我写的诗或歌。
112,Yo nunca nunca he tenido dos citas en el mismo dia.,I have never ever had two dates on the same day.,Je n'ai jamais eu deux rendez-vous le meme jour.,Non ho mai avuto due appuntamenti nello stesso giorno.,Ich hatte noch nie zwei Dates am selben Tag.,Eu nunca nunca tive dois encontros no mesmo dia.,我从未在同一天约会了两个人。
113,Yo nunca nunca me han pillado mirando a alguien atractivo delante de mi pareja.,I have never ever been caught checking someone out in front of my partner.,Je n'ai jamais ete surpris en train de reluquer quelqu'un devant mon partenaire.,Non sono mai stato beccato a guardare qualcuno di attraente davanti al mio partner.,Ich wurde noch nie dabei erwischt wie ich vor meinem Partner jemand Attraktives angeschaut habe.,Eu nunca nunca fui apanhado a olhar para alguem atraente a frente do meu parceiro.,我从未在伴侣面前偷看别人被抓到。
114,Yo nunca nunca he comparado mi relacion con una de las peliculas.,I have never ever compared my relationship to one in the movies.,Je n'ai jamais compare ma relation a une histoire de film.,Non ho mai paragonato la mia relazione a una dei film.,Ich habe noch nie meine Beziehung mit einer aus den Filmen verglichen.,Eu nunca nunca comparei a minha relacao com uma dos filmes.,我从未拿自己的恋情和电影里的比。
115,Yo nunca nunca he compartido un batido o bebida de forma romantica.,I have never ever shared a milkshake or drink romantically.,Je n'ai jamais partage un milkshake ou une boisson de facon romantique.,Non ho mai condiviso un frappé o una bevanda in modo romantico.,Ich habe noch nie einen Milchshake oder ein Getraenk romantisch geteilt.,Eu nunca nunca partilhei um batido ou bebida de forma romantica.,我从未浪漫地共享过一杯奶昔或饮料。
116,Yo nunca nunca he mentido sobre mi tipo ideal para impresionar a alguien.,I have never ever lied about my type to impress someone.,Je n'ai jamais menti sur mon type ideal pour impressionner quelqu'un.,Non ho mai mentito sul mio tipo ideale per impressionare qualcuno.,Ich habe noch nie ueber meinen Typ gelogen um jemanden zu beeindrucken.,Eu nunca nunca menti sobre o meu tipo ideal para impressionar alguem.,我从未为了打动某人而谎称自己的理想型。
117,Yo nunca nunca he tenido una conversacion coqueta y luego me he puesto nervioso.,I have never ever had a flirty conversation and then panicked.,Je n'ai jamais eu une conversation coquette et panique ensuite.,Non ho mai avuto una conversazione civettuola e poi sono andato nel panico.,Ich habe noch nie ein flirtiges Gespraech gefuehrt und danach Panik bekommen.,Eu nunca nunca tive uma conversa flirty e depois entrei em panico.,我从未在暧昧聊天后突然紧张起来。
118,Yo nunca nunca he stalkeado al ex de mi crush en redes sociales.,I have never ever stalked my crush's ex on social media.,Je n'ai jamais stalke l'ex de mon crush sur les reseaux sociaux.,Non ho mai stalkerato l'ex del mio crush sui social.,Ich habe noch nie den Ex meines Schwarms in sozialen Medien gestalkt.,Eu nunca nunca stalkei o ex do meu crush nas redes sociais.,我从未在社交媒体上偷看暗恋对象的前任。
119,Yo nunca nunca he cambiado mi aspecto para atraer a alguien.,I have never ever changed my appearance to attract someone.,Je n'ai jamais change mon apparence pour attirer quelqu'un.,Non ho mai cambiato il mio aspetto per attirare qualcuno.,Ich habe noch nie mein Aussehen veraendert um jemanden anzuziehen.,Eu nunca nunca mudei a minha aparencia para atrair alguem.,我从未为了吸引某人而改变外貌。
120,Yo nunca nunca he ensayado lo que iba a decir antes de declararme.,I have never ever rehearsed what to say before asking someone out.,Je n'ai jamais repete ce que j'allais dire avant de me declarer.,Non ho mai provato cosa dire prima di dichiararmi.,Ich habe noch nie geuebt was ich sage bevor ich jemanden nach einem Date fragte.,Eu nunca nunca ensaiei o que ia dizer antes de me declarar.,我从未在表白前排练要说什么。
121,Yo nunca nunca he buscado en Google como ligar.,I have never ever googled how to flirt.,Je n'ai jamais cherche sur Google comment draguer.,Non ho mai cercato su Google come flirtare.,Ich habe noch nie gegoogelt wie man flirtet.,Eu nunca nunca pesquisei no Google como engatar.,我从未在网上搜过怎么撩人。
122,Yo nunca nunca he enviado un mensaje arriesgado y me he arrepentido al instante.,I have never ever sent a risky message and immediately regretted it.,Je n'ai jamais envoye un message risque et immediatement regrette.,Non ho mai mandato un messaggio rischioso e me ne sono pentito subito.,Ich habe noch nie eine riskante Nachricht geschickt und es sofort bereut.,Eu nunca nunca enviei uma mensagem arriscada e me arrependi logo.,我从未发了一条冒险的消息然后马上就后悔。
123,Yo nunca nunca he mentido sobre tener una cita para parecer mas popular.,I have never ever lied about having a date to seem more popular.,Je n'ai jamais menti sur le fait d'avoir un rendez-vous pour paraitre plus populaire.,Non ho mai mentito sull'avere un appuntamento per sembrare piu popolare.,Ich habe noch nie darueber gelogen ein Date zu haben um beliebter zu wirken.,Eu nunca nunca menti sobre ter um encontro para parecer mais popular.,我从未谎称有约会来显得受欢迎。
124,Yo nunca nunca he tenido un crush durante anos sin decirselo.,I have never ever had a crush for years without telling them.,Je n'ai jamais eu le beguin pour quelqu'un pendant des annees sans le dire.,Non ho mai avuto una cotta per anni senza dirlo.,Ich hatte noch nie jahrelang einen Crush ohne es der Person zu sagen.,Eu nunca nunca tive um crush durante anos sem dizer.,我从未暗恋了好几年都没说出口。
125,Yo nunca nunca he intentado dar celos a mi ex en redes sociales.,I have never ever tried to make my ex jealous on social media.,Je n'ai jamais essaye de rendre mon ex jaloux sur les reseaux sociaux.,Non ho mai provato a far ingelosire il mio ex sui social.,Ich habe noch nie versucht meinen Ex in sozialen Medien eifersuechtig zu machen.,Eu nunca nunca tentei fazer ciumes ao meu ex nas redes sociais.,我从未试图在社交媒体上让前任吃醋。
126,Yo nunca nunca he fingido chocar por accidente con alguien que me gustaba.,I have never ever pretended to accidentally bump into someone I liked.,Je n'ai jamais fait semblant de croiser par hasard quelqu'un qui me plaisait.,Non ho mai finto di incontrare per caso qualcuno che mi piaceva.,Ich habe noch nie so getan als wuerde ich zufaellig in jemanden reinlaufen der mir gefiel.,Eu nunca nunca fingi esbarrar por acidente com alguem de quem gostava.,我从未假装偶然碰到喜欢的人。
127,Yo nunca nunca he tenido un crush con dos personas al mismo tiempo.,I have never ever had a crush on two people at the same time.,Je n'ai jamais eu le beguin pour deux personnes en meme temps.,Non ho mai avuto una cotta per due persone allo stesso tempo.,Ich hatte noch nie gleichzeitig einen Crush auf zwei Personen.,Eu nunca nunca tive um crush por duas pessoas ao mesmo tempo.,我从未同时暗恋两个人。
128,Yo nunca nunca he inventado una excusa para hablar con mi crush.,I have never ever made up an excuse just to talk to my crush.,Je n'ai jamais invente une excuse juste pour parler a mon crush.,Non ho mai inventato una scusa solo per parlare con il mio crush.,Ich habe noch nie eine Ausrede erfunden nur um mit meinem Schwarm zu reden.,Eu nunca nunca inventei uma desculpa so para falar com o meu crush.,我从未编造借口只为和暗恋的人说话。
129,Yo nunca nunca me han roto el corazon alguien con quien ni siquiera sali.,I have never ever had my heart broken by someone I never even dated.,Je n'ai jamais eu le coeur brise par quelqu'un avec qui je ne suis jamais sorti.,Non ho mai avuto il cuore spezzato da qualcuno con cui non sono mai uscito.,Mir wurde noch nie das Herz von jemandem gebrochen mit dem ich nie zusammen war.,Eu nunca nunca me partiram o coracao por alguem com quem nem sequer sai.,我从未被一个根本没交往过的人伤透了心。
130,Yo nunca nunca he hecho match con alguien que ya conocia en una app de citas.,I have never ever matched with someone I already knew on a dating app.,Je n'ai jamais matche avec quelqu'un que je connaissais deja sur une app de rencontre.,Non ho mai fatto match con qualcuno che gia conoscevo su un'app di incontri.,Ich habe noch nie auf einer Dating-App mit jemandem gematcht den ich schon kannte.,Eu nunca nunca fiz match com alguem que ja conhecia numa app de encontros.,我从未在交友软件上跟已经认识的人配对。
131,Yo nunca nunca he hecho captura de una conversacion con mi crush.,I have never ever screenshotted a conversation with my crush.,Je n'ai jamais fait une capture d'ecran d'une conversation avec mon crush.,Non ho mai fatto uno screenshot di una conversazione con il mio crush.,Ich habe noch nie einen Screenshot einer Unterhaltung mit meinem Schwarm gemacht.,Eu nunca nunca fiz captura de uma conversa com o meu crush.,我从未截图过和暗恋对象的聊天记录。
132,Yo nunca nunca he escrito y borrado un mensaje de confesion varias veces.,I have never ever written and deleted a confession message multiple times.,Je n'ai jamais ecrit et efface un message de confession plusieurs fois.,Non ho mai scritto e cancellato un messaggio di confessione piu volte.,Ich habe noch nie eine Gestaendnis-Nachricht mehrmals geschrieben und geloescht.,Eu nunca nunca escrevi e apaguei uma mensagem de confissao varias vezes.,我从未反复写了又删表白消息。
133,Yo nunca nunca me he enamorado de vacaciones y nunca mas he vuelto a ver a esa persona.,I have never ever fallen in love on vacation and never seen that person again.,Je n'ai jamais craque en vacances pour quelqu'un que je n'ai jamais revu.,Non mi sono mai innamorato in vacanza di qualcuno che non ho mai piu rivisto.,Ich habe mich noch nie im Urlaub verliebt und die Person nie wieder gesehen.,Eu nunca nunca me apaixonei de ferias e nunca mais vi essa pessoa.,我从未在度假时爱上某人然后再也没见过。
134,Yo nunca nunca he tenido una despedida confusa entre beso y abrazo.,I have never ever had an awkward goodbye mixing up a kiss and a hug.,Je n'ai jamais eu un au revoir maladroit entre bise et calin.,Non ho mai avuto un addio imbarazzante tra bacio e abbraccio.,Ich hatte noch nie einen peinlichen Abschied mit Verwechslung von Kuss und Umarmung.,Eu nunca nunca tive uma despedida confusa entre beijo e abraco.,我从未在道别时搞混了该亲还是该抱。
135,Yo nunca nunca he hecho una playlist pensando en alguien en especial.,I have never ever made a playlist while thinking of someone specific.,Je n'ai jamais cree une playlist en pensant a quelqu'un en particulier.,Non ho mai creato una playlist pensando a qualcuno in particolare.,Ich habe noch nie eine Playlist erstellt waehrend ich an jemand Bestimmtes dachte.,Eu nunca nunca fiz uma playlist a pensar em alguem em especial.,我从未一边想着特定的人一边做歌单。
136,Yo nunca nunca he alargado una despedida para pasar mas tiempo con alguien.,I have never ever stalled a goodbye to spend more time with someone.,Je n'ai jamais prolonge un au revoir pour passer plus de temps avec quelqu'un.,Non ho mai allungato un addio per passare piu tempo con qualcuno.,Ich habe noch nie einen Abschied hinausgezoegtert um mehr Zeit mit jemandem zu verbringen.,Eu nunca nunca prolonguei uma despedida para passar mais tempo com alguem.,我从未拖延告别来多和某人待一会儿。
137,Yo nunca nunca he mentido sobre lo que estaba haciendo mientras escribia a mi crush.,I have never ever lied about what I was doing while texting my crush.,Je n'ai jamais menti sur ce que je faisais pendant que j'ecrivais a mon crush.,Non ho mai mentito su cosa stavo facendo mentre scrivevo al mio crush.,Ich habe noch nie darueber gelogen was ich gerade machte waehrend ich meinem Schwarm schrieb.,Eu nunca nunca menti sobre o que estava a fazer enquanto escrevia ao meu crush.,我从未在给暗恋对象发消息时撒谎说自己在做别的事。
138,Yo nunca nunca me ha gustado alguien solo porque fue amable conmigo una vez.,I have never ever developed a crush on someone just because they were nice to me once.,Je n'ai jamais craque pour quelqu'un juste parce qu'il a ete gentil avec moi une fois.,Non ho mai avuto una cotta per qualcuno solo perche e stato gentile con me una volta.,Ich hatte noch nie einen Crush auf jemanden nur weil die Person einmal nett zu mir war.,Eu nunca nunca comecei a gostar de alguem so porque foi simpatico comigo uma vez.,我从未因为某人对我好了一次就喜欢上对方。
139,Yo nunca nunca he guardado un mensaje de voz de alguien que me gustaba.,I have never ever saved a voicemail from someone I liked.,Je n'ai jamais garde un message vocal de quelqu'un qui me plaisait.,Non ho mai salvato un messaggio vocale di qualcuno che mi piaceva.,Ich habe noch nie eine Sprachnachricht von jemandem aufbewahrt den ich mochte.,Eu nunca nunca guardei uma mensagem de voz de alguem de quem gostava.,我从未保存过喜欢的人发来的语音。
140,Yo nunca nunca he tenido una cena romantica conmigo mismo.,I have never ever had a romantic dinner by myself.,Je n'ai jamais eu un diner romantique avec moi-meme.,Non ho mai avuto una cena romantica con me stesso.,Ich hatte noch nie ein romantisches Abendessen mit mir selbst.,Eu nunca nunca tive um jantar romantico comigo mesmo.,我从未一个人浪漫地吃过烛光晚餐。
141,Yo nunca nunca he empezado a vestirme diferente por un crush.,I have never ever started dressing differently because of a crush.,Je n'ai jamais commence a m'habiller differemment a cause d'un crush.,Non ho mai iniziato a vestirmi diversamente per un crush.,Ich habe noch nie angefangen mich anders zu kleiden wegen eines Schwarms.,Eu nunca nunca comecei a vestir-me diferente por causa de um crush.,我从未因为暗恋一个人而开始改变穿衣风格。
142,Yo nunca nunca he descubierto que mi crush gustaba de otra persona y fingido que no me importaba.,I have never ever found out my crush liked someone else and pretended not to care.,Je n'ai jamais appris que mon crush aimait quelqu'un d'autre et fait semblant que ca m'etait egal.,Non ho mai scoperto che il mio crush apprezzava qualcun altro e finto che non mi importasse.,Ich habe noch nie erfahren dass mein Schwarm jemand anderen mag und so getan als waere es mir egal.,Eu nunca nunca descobri que o meu crush gostava de outra pessoa e fingi que nao me importava.,我从未发现暗恋的人喜欢别人然后假装不在乎。
143,Yo nunca nunca he repetido mentalmente un cumplido que me hizo mi crush.,I have never ever replayed a compliment from my crush in my head.,Je n'ai jamais repasse dans ma tete un compliment de mon crush.,Non ho mai ripetuto mentalmente un complimento del mio crush.,Ich habe noch nie ein Kompliment von meinem Schwarm im Kopf wiederholt.,Eu nunca nunca repeti mentalmente um elogio que o meu crush me fez.,我从未在脑海里反复回放暗恋对象给我的夸奖。
144,Yo nunca nunca he tenido un crush con el padre o la madre de un amigo.,I have never ever had a crush on a friend's parent.,Je n'ai jamais eu le beguin pour le pere ou la mere d'un ami.,Non ho mai avuto una cotta per il padre o la madre di un amico.,Ich hatte noch nie einen Crush auf den Vater oder die Mutter eines Freundes.,Eu nunca nunca tive um crush pelo pai ou mae de um amigo.,我从未暗恋过朋友的爸爸或妈妈。
145,Yo nunca nunca he usado una frase para ligar con alguien.,I have never ever used a pick-up line on someone.,Je n'ai jamais utilise une phrase d'accroche sur quelqu'un.,Non ho mai usato una frase per rimorchiare qualcuno.,Ich habe noch nie einen Anmachspruch bei jemandem benutzt.,Eu nunca nunca usei uma frase de engate com alguem.,我从未对人用过搭讪语句。
146,Yo nunca nunca he tenido un primer beso que fue realmente incomodo.,I have never ever had a first kiss that was really awkward.,Je n'ai jamais eu un premier baiser vraiment maladroit.,Non ho mai avuto un primo bacio davvero imbarazzante.,Ich hatte noch nie einen ersten Kuss der wirklich unangenehm war.,Eu nunca nunca tive um primeiro beijo que foi muito constrangedor.,我从未有过一个特别尴尬的初吻。
147,Yo nunca nunca he salido con alguien que se parecia a mi ex.,I have never ever dated someone who looked like my ex.,Je ne suis jamais sorti avec quelqu'un qui ressemblait a mon ex.,Non sono mai uscito con qualcuno che assomigliava al mio ex.,Ich bin noch nie mit jemandem ausgegangen der meinem Ex aehnlich sah.,Eu nunca nunca sai com alguem que se parecia com o meu ex.,我从未和长得像前任的人约会。
148,Yo nunca nunca he seguido a alguien que me gustaba a una clase o actividad.,I have never ever followed someone I liked to a class or activity.,Je n'ai jamais suivi quelqu'un qui me plaisait a un cours ou une activite.,Non ho mai seguito qualcuno che mi piaceva a un corso o un'attivita.,Ich bin noch nie jemandem den ich mochte zu einem Kurs oder einer Aktivitaet gefolgt.,Eu nunca nunca segui alguem de quem gostava para uma aula ou atividade.,我从未跟着喜欢的人去上同一门课或活动。
149,Yo nunca nunca he tardado demasiado en elegir el mensaje perfecto para mi crush.,I have never ever spent way too long choosing the perfect text to send my crush.,Je n'ai jamais passe trop de temps a choisir le message parfait pour mon crush.,Non ho mai impiegato troppo tempo a scegliere il messaggio perfetto per il mio crush.,Ich habe noch nie viel zu lange gebraucht um die perfekte Nachricht fuer meinen Schwarm zu schreiben.,Eu nunca nunca demorei demasiado a escolher a mensagem perfeita para o meu crush.,我从未花太长时间斟酌给暗恋对象发的消息。
150,Yo nunca nunca me he enamorado de alguien sin saber su nombre.,I have never ever fallen for someone without knowing their name.,Je n'ai jamais craque pour quelqu'un sans connaitre son prenom.,Non mi sono mai innamorato di qualcuno senza sapere il suo nome.,Ich habe mich noch nie in jemanden verliebt ohne dessen Namen zu kennen.,Eu nunca nunca me apaixonei por alguem sem saber o nome.,我从未在不知道名字的情况下喜欢上一个人。
151,Yo nunca nunca me he despertado pensando en alguien que me gusta.,I have never ever woken up thinking about someone I like.,Je ne me suis jamais reveille en pensant a quelqu'un qui me plait.,Non mi sono mai svegliato pensando a qualcuno che mi piace.,Ich bin noch nie aufgewacht und habe an jemanden gedacht den ich mag.,Eu nunca nunca acordei a pensar em alguem de quem gosto.,我从未醒来时脑子里想的就是喜欢的人。
152,Yo nunca nunca he hecho una lista de pros y contras sobre alguien con quien salia.,I have never ever made a pros and cons list about someone I was dating.,Je n'ai jamais fait une liste pour et contre sur quelqu'un avec qui je sortais.,Non ho mai fatto una lista di pro e contro su qualcuno con cui uscivo.,Ich habe noch nie eine Pro-und-Contra-Liste ueber jemanden gemacht mit dem ich zusammen war.,Eu nunca nunca fiz uma lista de pros e contras sobre alguem com quem saia.,我从未为约会对象列过优缺点清单。
153,Yo nunca nunca he practicado decir te quiero frente al espejo.,I have never ever practiced saying I love you in front of a mirror.,Je n'ai jamais repete de dire je t'aime devant le miroir.,Non ho mai provato a dire ti amo davanti allo specchio.,Ich habe noch nie Ich liebe dich vor dem Spiegel geuebt.,Eu nunca nunca pratiquei dizer amo-te em frente ao espelho.,我从未对着镜子练习说我爱你。
154,Yo nunca nunca he ido a un lugar esperando encontrarme con mi crush.,I have never ever gone somewhere hoping to run into my crush.,Je ne suis jamais alle quelque part en esperant croiser mon crush.,Non sono mai andato da qualche parte sperando di incontrare il mio crush.,Ich bin noch nie irgendwo hingegangen in der Hoffnung meinen Schwarm zu treffen.,Eu nunca nunca fui a algum lugar a esperar encontrar o meu crush.,我从未去某个地方是为了偶遇暗恋的人。
155,Yo nunca nunca he inventado escenarios de futuras citas en mi cabeza.,I have never ever imagined scenarios of future dates in my head.,Je n'ai jamais imagine des scenarios de futurs rendez-vous dans ma tete.,Non ho mai immaginato scenari di futuri appuntamenti nella mia testa.,Ich habe noch nie Szenarien fuer zukuenftige Dates in meinem Kopf erdacht.,Eu nunca nunca inventei cenarios de futuros encontros na minha cabeca.,我从未在脑海中幻想过未来的约会场景。
156,Yo nunca nunca he tenido un crush que empezo con una discusion.,I have never ever had a crush that started from an argument.,Je n'ai jamais eu le beguin pour quelqu'un a partir d'une dispute.,Non ho mai avuto una cotta iniziata da una discussione.,Ich hatte noch nie einen Crush der mit einem Streit anfing.,Eu nunca nunca tive um crush que comecou com uma discussao.,我从未因为一次争论而开始暗恋某人。
157,Yo nunca nunca he fingido odiar a alguien que en realidad me gustaba.,I have never ever pretended to hate someone I actually liked.,Je n'ai jamais fait semblant de detester quelqu'un qui me plaisait en fait.,Non ho mai finto di odiare qualcuno che in realta mi piaceva.,Ich habe noch nie so getan als wuerde ich jemanden hassen den ich eigentlich mochte.,Eu nunca nunca fingi odiar alguem de quem na verdade gostava.,我从未假装讨厌一个实际上喜欢的人。
158,Yo nunca nunca he escuchado una cancion de despecho en bucle despues de un rechazo.,I have never ever listened to a breakup song on repeat after being rejected.,Je n'ai jamais ecoute une chanson de rupture en boucle apres avoir ete rejete.,Non ho mai ascoltato una canzone di rottura in loop dopo essere stato rifiutato.,Ich habe noch nie nach einer Abfuhr ein Trenungslied in Dauerschleife gehoert.,Eu nunca nunca ouvi uma musica de desgosto em loop depois de ser rejeitado.,我从未在被拒绝后循环播放失恋歌曲。
159,Yo nunca nunca me he sonrojado de forma super evidente delante de mi crush.,I have never ever blushed super obviously in front of my crush.,Je n'ai jamais rougi de facon super evidente devant mon crush.,Non sono mai arrossito in modo super evidente davanti al mio crush.,Ich bin noch nie vor meinem Schwarm offensichtlich rot geworden.,Eu nunca nunca corei de forma super evidente a frente do meu crush.,我从未在暗恋的人面前脸红得特别明显。
160,Yo nunca nunca he pedido a mis amigos que investigaran a mi crush.,I have never ever asked my friends to investigate my crush.,Je n'ai jamais demande a mes amis d'enqueter sur mon crush.,Non ho mai chiesto ai miei amici di indagare sul mio crush.,Ich habe noch nie meine Freunde gebeten meinen Schwarm auszuspionieren.,Eu nunca nunca pedi aos meus amigos para investigarem o meu crush.,我从未让朋友帮我打探暗恋对象的情况。
161,Yo nunca nunca he fingido necesitar ayuda solo para hablar con alguien.,I have never ever pretended to need help just to talk to someone.,Je n'ai jamais fait semblant d'avoir besoin d'aide juste pour parler a quelqu'un.,Non ho mai finto di aver bisogno di aiuto solo per parlare con qualcuno.,Ich habe noch nie so getan als brauchte ich Hilfe nur um mit jemandem zu reden.,Eu nunca nunca fingi precisar de ajuda so para falar com alguem.,我从未假装需要帮忙只为和某人搭话。
162,Yo nunca nunca me he enamorado del amigo de alguien cuando me lo presentaron.,I have never ever fallen for someone's friend when being introduced.,Je n'ai jamais craque pour l'ami de quelqu'un quand il m'a ete presente.,Non mi sono mai innamorato dell'amico di qualcuno quando me lo hanno presentato.,Ich habe mich noch nie in den Freund von jemandem verliebt als wir vorgestellt wurden.,Eu nunca nunca me apaixonei pelo amigo de alguem quando mo apresentaram.,我从未在被介绍认识时喜欢上对方的朋友。
163,Yo nunca nunca he cambiado mi recorrido solo para pasar por delante de alguien.,I have never ever changed my route just to walk past someone.,Je n'ai jamais change mon itineraire juste pour passer devant quelqu'un.,Non ho mai cambiato il mio percorso solo per passare davanti a qualcuno.,Ich habe noch nie meine Route geaendert nur um an jemandem vorbeizugehen.,Eu nunca nunca mudei o meu caminho so para passar por alguem.,我从未绕路只为经过某人面前。
164,Yo nunca nunca he abrazado a alguien mas tiempo de lo normal porque me gustaba.,I have never ever hugged someone longer than normal because I liked them.,Je n'ai jamais serre quelqu'un dans mes bras plus longtemps que la normale parce qu'il me plaisait.,Non ho mai abbracciato qualcuno piu a lungo del normale perche mi piaceva.,Ich habe noch nie jemanden laenger als normal umarmt weil die Person mir gefiel.,Eu nunca nunca abracei alguem mais tempo do que o normal porque gostava.,我从未因为喜欢一个人而比平常抱得更久。
165,Yo nunca nunca he llamado a alguien carino o amor por error.,I have never ever accidentally called someone babe or love.,Je n'ai jamais appele quelqu'un cheri ou mon amour par erreur.,Non ho mai chiamato qualcuno tesoro o amore per errore.,Ich habe noch nie jemanden versehentlich Schatz oder Liebling genannt.,Eu nunca nunca chamei alguem querido ou amor por engano.,我从未不小心叫了某人亲爱的或宝贝。
166,Yo nunca nunca se me ha acelerado el corazon al recibir un mensaje de mi crush.,I have never ever had my heart race when my crush sent me a text.,Je n'ai jamais eu le coeur qui s'accelere en recevant un message de mon crush.,Non ho mai avuto il cuore che accelerava quando il mio crush mi mandava un messaggio.,Mein Herz hat noch nie geschlagen als mein Schwarm mir eine Nachricht geschickt hat.,Eu nunca nunca senti o coracao acelerar ao receber uma mensagem do meu crush.,我从未收到暗恋对象的消息时心跳加速。
167,Yo nunca nunca me he aprendido los horarios de mi crush de memoria.,I have never ever memorized my crush's schedule.,Je n'ai jamais memorise les horaires de mon crush.,Non ho mai memorizzato gli orari del mio crush.,Ich habe noch nie den Stundenplan meines Schwarms auswendig gelernt.,Eu nunca nunca decorei os horarios do meu crush.,我从未把暗恋对象的时间表背下来。
168,Yo nunca nunca me he enamorado de alguien que ya tenia pareja.,I have never ever fallen for someone who was already in a relationship.,Je n'ai jamais craque pour quelqu'un qui etait deja en couple.,Non mi sono mai innamorato di qualcuno che era gia impegnato.,Ich habe mich noch nie in jemanden verliebt der schon in einer Beziehung war.,Eu nunca nunca me apaixonei por alguem que ja tinha parceiro.,我从未爱上已经有对象的人。
169,Yo nunca nunca he cambiado mi foto de perfil esperando que mi crush la viera.,I have never ever changed my profile photo hoping my crush would notice.,Je n'ai jamais change ma photo de profil en esperant que mon crush la remarque.,Non ho mai cambiato la mia foto profilo sperando che il mio crush la vedesse.,Ich habe noch nie mein Profilbild geaendert in der Hoffnung dass mein Schwarm es bemerkt.,Eu nunca nunca mudei a minha foto de perfil a esperar que o meu crush reparasse.,我从未换头像希望暗恋的人能注意到。
170,Yo nunca nunca he hablado tanto de mi crush que mis amigos se cansaron.,I have never ever talked about my crush so much that my friends got tired of it.,Je n'ai jamais parle de mon crush au point que mes amis en ont eu marre.,Non ho mai parlato tanto del mio crush che i miei amici si sono stufati.,Ich habe noch nie so viel von meinem Schwarm erzaehlt dass meine Freunde genervt waren.,Eu nunca nunca falei tanto do meu crush que os meus amigos se fartaram.,我从未说暗恋对象说到朋友们都听腻了。
171,Yo nunca nunca me han rechazado y he fingido que no me afectaba.,I have never ever been rejected and pretended it didn't affect me.,Je n'ai jamais ete rejete et fait semblant que ca ne m'affectait pas.,Non sono mai stato rifiutato e ho finto che non mi avesse toccato.,Ich wurde noch nie abgewiesen und habe so getan als wuerde es mich nicht betreffen.,Eu nunca nunca fui rejeitado e fingi que nao me afetava.,我从未被拒绝后假装不受影响。
172,Yo nunca nunca he mirado si mi crush estaba en linea.,I have never ever checked if my crush was online.,Je n'ai jamais verifie si mon crush etait en ligne.,Non ho mai controllato se il mio crush era online.,Ich habe noch nie geschaut ob mein Schwarm online war.,Eu nunca nunca verifiquei se o meu crush estava online.,我从未查看过暗恋对象是否在线。
173,Yo nunca nunca he imaginado un escenario donde salvaba a mi crush.,I have never ever imagined a scenario where I saved my crush.,Je n'ai jamais imagine un scenario ou je sauvais mon crush.,Non ho mai immaginato una situazione in cui salvavo il mio crush.,Ich habe noch nie ein Szenario vorgestellt in dem ich meinen Schwarm gerettet habe.,Eu nunca nunca imaginei um cenario onde salvava o meu crush.,我从未幻想过自己英雄救美拯救暗恋对象的场景。
174,Yo nunca nunca he buscado la compatibilidad con alguien segun el zodiaco.,I have never ever looked up compatibility with someone based on zodiac signs.,Je n'ai jamais cherche la compatibilite avec quelqu'un selon les signes du zodiaque.,Non ho mai cercato la compatibilita con qualcuno in base ai segni zodiacali.,Ich habe noch nie die Kompatibilitaet mit jemandem anhand der Sternzeichen nachgeschaut.,Eu nunca nunca pesquisei a compatibilidade com alguem segundo o zodiaco.,我从未根据星座查过和某人的配对指数。
175,Yo nunca nunca he sonado con mi boda con alguien que apenas conocia.,I have never ever dreamed of my wedding with someone I barely knew.,Je n'ai jamais reve de mon mariage avec quelqu'un que je connaissais a peine.,Non ho mai sognato il mio matrimonio con qualcuno che conoscevo appena.,Ich habe noch nie von meiner Hochzeit mit jemandem getraeumt den ich kaum kannte.,Eu nunca nunca sonhei com o meu casamento com alguem que mal conhecia.,我从未幻想过和一个几乎不认识的人结婚。
176,Yo nunca nunca he ligado con alguien solo para practicar.,I have never ever flirted with someone just for practice.,Je n'ai jamais drague quelqu'un juste pour m'entrainer.,Non ho mai flirtato con qualcuno solo per esercitarmi.,Ich habe noch nie zum Ueben mit jemandem geflirtet.,Eu nunca nunca flertei com alguem so para praticar.,我从未只为了练习而和人调情。
177,Yo nunca nunca he tenido un piropo de un desconocido que me alegro toda la semana.,I have never ever had a compliment from a stranger make my entire week.,Je n'ai jamais eu un compliment d'un inconnu qui a illumine toute ma semaine.,Non ho mai ricevuto un complimento da uno sconosciuto che mi ha rallegrato tutta la settimana.,Ich habe noch nie ein Kompliment von einem Fremden bekommen das meine ganze Woche verschoenert hat.,Eu nunca nunca recebi um elogio de um desconhecido que me alegrou a semana toda.,我从未因为陌生人的一句夸奖开心了一整周。
178,Yo nunca nunca me he enamorado de alguien al escuchar su risa.,I have never ever fallen for someone after hearing them laugh.,Je n'ai jamais craque pour quelqu'un en entendant son rire.,Non mi sono mai innamorato di qualcuno dopo aver sentito la sua risata.,Ich habe mich noch nie in jemanden verliebt nachdem ich dessen Lachen gehoert habe.,Eu nunca nunca me apaixonei por alguem ao ouvir a sua risada.,我从未听到某人的笑声就心动了。
179,Yo nunca nunca he cambiado mis gustos musicales para coincidir con los de mi crush.,I have never ever changed my music taste to match my crush's.,Je n'ai jamais change mes gouts musicaux pour correspondre a ceux de mon crush.,Non ho mai cambiato i miei gusti musicali per farli coincidere con quelli del mio crush.,Ich habe noch nie meinen Musikgeschmack geaendert um mit dem meines Schwarms uebereinzustimmen.,Eu nunca nunca mudei os meus gostos musicais para coincidir com os do meu crush.,我从未为了和暗恋的人有共同话题而改变音乐口味。
180,Yo nunca nunca he tenido un crush con alguien de una pelicula o serie.,I have never ever had a crush on someone from a movie or TV show.,Je n'ai jamais eu le beguin pour quelqu'un d'un film ou d'une serie.,Non ho mai avuto una cotta per qualcuno di un film o serie TV.,Ich hatte noch nie einen Crush auf jemanden aus einem Film oder einer Serie.,Eu nunca nunca tive um crush por alguem de um filme ou serie.,我从未暗恋过电影或电视剧里的人。
181,Yo nunca nunca he escrito te quiero en el vaho de un espejo pensando en alguien.,I have never ever written I love you on a fogged-up mirror thinking of someone.,Je n'ai jamais ecrit je t'aime sur un miroir embue en pensant a quelqu'un.,Non ho mai scritto ti amo sullo specchio appannato pensando a qualcuno.,Ich habe noch nie Ich liebe dich auf einen beschlagenen Spiegel geschrieben und dabei an jemanden gedacht.,Eu nunca nunca escrevi amo-te num espelho embacado a pensar em alguem.,我从未在起雾的镜子上写我爱你并心里想着某人。
182,Yo nunca nunca he ensayado mi reaccion para cuando mi crush me hable.,I have never ever practiced my reaction for when my crush talks to me.,Je n'ai jamais repete ma reaction pour quand mon crush me parle.,Non ho mai provato la mia reazione per quando il mio crush mi parla.,Ich habe noch nie meine Reaktion geuebt fuer den Fall dass mein Schwarm mit mir spricht.,Eu nunca nunca ensaiei a minha reacao para quando o meu crush fala comigo.,我从未排练过暗恋的人跟我说话时该怎么反应。
183,Yo nunca nunca me he enamorado de alguien por internet sin haberlo conocido en persona.,I have never ever fallen for someone online without ever meeting them in person.,Je n'ai jamais craque pour quelqu'un en ligne sans jamais l'avoir rencontre en personne.,Non mi sono mai innamorato di qualcuno online senza averlo mai incontrato di persona.,Ich habe mich noch nie in jemanden aus dem Internet verliebt ohne die Person je getroffen zu haben.,Eu nunca nunca me apaixonei por alguem online sem o ter conhecido pessoalmente.,我从未爱上网络上从未见过面的人。
184,Yo nunca nunca me han pedido salir y me he quedado sin saber que decir.,I have never ever been asked out and panicked instead of answering.,Je n'ai jamais ete invite a sortir et panique au lieu de repondre.,Non mi hanno mai chiesto di uscire e sono andato nel panico invece di rispondere.,Ich wurde noch nie nach einem Date gefragt und habe statt zu antworten panisch reagiert.,Eu nunca nunca me convidaram para sair e fiquei sem saber o que dizer.,我从未被人约然后紧张到不知道说什么。
185,Yo nunca nunca he sonado despierto con una boda que no he planeado.,I have never ever daydreamed about a wedding I haven't even planned.,Je n'ai jamais reve eveille d'un mariage que je n'ai meme pas planifie.,Non ho mai sognato a occhi aperti un matrimonio che non ho nemmeno pianificato.,Ich habe noch nie von einer Hochzeit getraeumt die ich gar nicht geplant habe.,Eu nunca nunca sonhei acordado com um casamento que nem planei.,我从未白日梦过一场还没计划的婚礼。
186,Yo nunca nunca he buscado consejos de amor en internet.,I have never ever looked up love advice on the internet.,Je n'ai jamais cherche des conseils amoureux sur internet.,Non ho mai cercato consigli d'amore su internet.,Ich habe noch nie Liebestipps im Internet gesucht.,Eu nunca nunca procurei conselhos amorosos na internet.,我从未在网上搜过恋爱建议。
187,Yo nunca nunca he tenido un crush tan fuerte que no podia hablar delante de esa persona.,I have never ever had a crush so intense I couldn't speak around them.,Je n'ai jamais eu un crush si intense que je ne pouvais pas parler devant cette personne.,Non ho mai avuto una cotta cosi forte da non riuscire a parlare di fronte a quella persona.,Ich hatte noch nie einen so starken Crush dass ich in dessen Naehe nicht sprechen konnte.,Eu nunca nunca tive um crush tao forte que nao conseguia falar a frente dessa pessoa.,我从未暗恋到在对方面前说不出话来。
188,Yo nunca nunca he mirado el estado sentimental de alguien antes de acercarme.,I have never ever checked someone's relationship status before approaching them.,Je n'ai jamais verifie le statut amoureux de quelqu'un avant de l'aborder.,Non ho mai controllato lo stato sentimentale di qualcuno prima di avvicinarmi.,Ich habe noch nie den Beziehungsstatus einer Person geprueft bevor ich sie angesprochen habe.,Eu nunca nunca verifiquei o estado sentimental de alguem antes de me aproximar.,我从未在搭讪之前先查对方有没有对象。
189,Yo nunca nunca he dedicado una cancion a alguien en mi cabeza sin que lo supiera.,I have never ever dedicated a song to someone in my head without them knowing.,Je n'ai jamais dedie une chanson a quelqu'un dans ma tete sans qu'il le sache.,Non ho mai dedicato una canzone a qualcuno nella mia testa senza che lo sapesse.,Ich habe noch nie jemandem in Gedanken ein Lied gewidmet ohne dass die Person es wusste.,Eu nunca nunca dediquei uma musica a alguem na minha cabeca sem essa pessoa saber.,我从未在心里默默把一首歌献给某人。
190,Yo nunca nunca he seguido a mi crush en todas las redes sociales.,I have never ever followed my crush on every social media platform.,Je n'ai jamais suivi mon crush sur tous les reseaux sociaux.,Non ho mai seguito il mio crush su tutti i social.,Ich bin noch nie meinem Schwarm auf allen sozialen Medien gefolgt.,Eu nunca nunca segui o meu crush em todas as redes sociais.,我从未在所有社交媒体上都关注了暗恋的人。
191,Yo nunca nunca he sentido mariposas al cruzar la mirada con alguien.,I have never ever felt butterflies when locking eyes with someone across a room.,Je n'ai jamais eu des papillons en croisant le regard de quelqu'un dans une piece.,Non ho mai sentito le farfalle incrociando lo sguardo di qualcuno in una stanza.,Ich hatte noch nie Schmetterlinge im Bauch als sich meine Blicke mit jemandem in einem Raum kreuzten.,Eu nunca nunca senti borboletas ao cruzar o olhar com alguem numa sala.,我从未在和某人对视时感到心跳怦怦。
192,Yo nunca nunca he intentado ser gracioso delante de mi crush y he fracasado.,I have never ever tried to be funny in front of my crush and failed.,Je n'ai jamais essaye d'etre drole devant mon crush et echoue.,Non ho mai provato a fare il simpatico davanti al mio crush fallendo.,Ich habe noch nie versucht vor meinem Schwarm lustig zu sein und bin gescheitert.,Eu nunca nunca tentei ser engracado a frente do meu crush e falhei.,我从未在暗恋的人面前想表现幽默结果失败。
193,Yo nunca nunca he estado en una situacion donde mi ex y alguien nuevo estaban en la misma sala.,I have never ever been in a situation where my ex and a new interest were in the same room.,Je n'ai jamais ete dans une situation ou mon ex et un nouveau coup de coeur etaient dans la meme piece.,Non sono mai stato in una situazione dove il mio ex e un nuovo interesse erano nella stessa stanza.,Ich war noch nie in einer Situation in der mein Ex und ein neues Interesse im selben Raum waren.,Eu nunca nunca estive numa situacao onde o meu ex e alguem novo estavam na mesma sala.,我从未同时和前任以及新暧昧对象待在同一个房间。
194,Yo nunca nunca se me ha pasado el crush en el momento en que esa persona abrio la boca.,I have never ever had a crush fade the moment they opened their mouth.,Je n'ai jamais vu un coup de coeur disparaitre quand la personne a ouvert la bouche.,Non ho mai visto una cotta svanire nel momento in cui quella persona ha aperto bocca.,Ich habe noch nie erlebt dass ein Crush verflog sobald die Person den Mund aufmachte.,Eu nunca nunca senti um crush desaparecer no momento em que essa pessoa abriu a boca.,我从未在暗恋的人一开口说话之后就不喜欢了。
195,Yo nunca nunca he fingido ser misterioso para atraer a alguien.,I have never ever pretended to be mysterious to attract someone.,Je n'ai jamais fait semblant d'etre mysterieux pour attirer quelqu'un.,Non ho mai finto di essere misterioso per attirare qualcuno.,Ich habe noch nie so getan als waere ich geheimnisvoll um jemanden anzulocken.,Eu nunca nunca fingi ser misterioso para atrair alguem.,我从未为了吸引人而故作神秘。
196,Yo nunca nunca he mentido sobre gustarme algo porque a mi crush le gustaba.,I have never ever lied about liking something because my crush liked it.,Je n'ai jamais menti sur le fait d'aimer quelque chose parce que mon crush l'aimait.,Non ho mai mentito dicendo di apprezzare qualcosa perche il mio crush lo apprezzava.,Ich habe noch nie darueber gelogen etwas zu moegen weil mein Schwarm es mochte.,Eu nunca nunca menti sobre gostar de algo porque o meu crush gostava.,我从未因为暗恋的人喜欢某样东西而谎称自己也喜欢。
197,Yo nunca nunca he tenido un crush con alguien del supermercado o la cafeteria.,I have never ever had a crush on someone from the supermarket or a cafe.,Je n'ai jamais eu le beguin pour quelqu'un du supermarche ou d'un cafe.,Non ho mai avuto una cotta per qualcuno del supermercato o di un bar.,Ich hatte noch nie einen Crush auf jemanden aus dem Supermarkt oder einem Cafe.,Eu nunca nunca tive um crush por alguem do supermercado ou de um cafe.,我从未暗恋过超市或咖啡店里的某个人。
198,Yo nunca nunca he guardado una entrada o ticket de una primera cita.,I have never ever kept a ticket or receipt from a first date.,Je n'ai jamais garde un ticket ou recu d'un premier rendez-vous.,Non ho mai conservato un biglietto o scontrino di un primo appuntamento.,Ich habe noch nie ein Ticket oder eine Quittung von einem ersten Date aufbewahrt.,Eu nunca nunca guardei um bilhete ou recibo de um primeiro encontro.,我从未保留过第一次约会的票根或收据。
199,Yo nunca nunca he comparado a cada persona nueva con un ex en concreto.,I have never ever compared every new person to one specific ex.,Je n'ai jamais compare chaque nouvelle personne a un ex en particulier.,Non ho mai confrontato ogni nuova persona con un ex in particolare.,Ich habe noch nie jede neue Person mit einem bestimmten Ex verglichen.,Eu nunca nunca comparei cada pessoa nova com um ex em concreto.,我从未拿每个新认识的人和某个特定的前任比较。
200,Yo nunca nunca me ha dicho el amigo de mi crush que no le gustaba.,I have never ever had my crush's friend tell me they didn't like me back.,Je n'ai jamais eu l'ami de mon crush qui m'a dit qu'il ne m'aimait pas en retour.,Non ho mai avuto l'amico del mio crush che mi ha detto che non gli piacevo.,Mir hat noch nie der Freund meines Schwarms gesagt dass die Gefuehle nicht erwidert werden.,Eu nunca nunca o amigo do meu crush me disse que nao gostava de mim de volta.,我从未被暗恋对象的朋友告知对方不喜欢我。
201,Yo nunca nunca he intentado parecer natural mientras mi crush pasaba por delante.,I have never ever tried to look casual while my crush walked by.,Je n'ai jamais essaye d'avoir l'air naturel quand mon crush passait devant moi.,Non ho mai provato a sembrare naturale mentre il mio crush mi passava davanti.,Ich habe noch nie versucht laessig zu wirken waehrend mein Schwarm an mir vorbeiging.,Eu nunca nunca tentei parecer natural enquanto o meu crush passava por mim.,我从未在暗恋的人经过时努力装出一副自然的样子。
202,Yo nunca nunca he vivido un triangulo amoroso.,I have never ever been in a love triangle.,Je n'ai jamais vecu un triangle amoureux.,Non ho mai vissuto un triangolo amoroso.,Ich war noch nie in einem Liebesdreieck.,Eu nunca nunca vivi um triangulo amoroso.,我从未经历过三角恋。
203,Yo nunca nunca me ha gustado la letra de alguien.,I have never ever had a crush on someone because of their handwriting.,Je n'ai jamais craque pour quelqu'un a cause de son ecriture.,Non ho mai avuto una cotta per qualcuno per la sua calligrafia.,Ich hatte noch nie einen Crush auf jemanden wegen dessen Handschrift.,Eu nunca nunca tive um crush por alguem por causa da caligrafia.,我从未因为某人的字好看而心动。
204,Yo nunca nunca me he confesado a traves de un amigo.,I have never ever confessed my feelings through a friend.,Je ne me suis jamais declare par le biais d'un ami.,Non mi sono mai dichiarato tramite un amico.,Ich habe noch nie meine Gefuehle ueber einen Freund gestanden.,Eu nunca nunca me confessei atraves de um amigo.,我从未通过朋友来传达心意。
205,Yo nunca nunca he releido los mensajes de mi crush antes de dormir.,I have never ever re-read texts from my crush before bed.,Je n'ai jamais relu les messages de mon crush avant de dormir.,Non ho mai riletto i messaggi del mio crush prima di dormire.,Ich habe noch nie die Nachrichten meines Schwarms vor dem Schlafen nochmal gelesen.,Eu nunca nunca reli as mensagens do meu crush antes de dormir.,我从未在睡前重读暗恋对象的消息。
206,Yo nunca nunca he sonado que mi crush me rechazaba.,I have never ever had a dream where my crush rejected me.,Je n'ai jamais reve que mon crush me rejetait.,Non ho mai sognato che il mio crush mi rifiutava.,Ich habe noch nie getraeumt dass mein Schwarm mich abgewiesen hat.,Eu nunca nunca sonhei que o meu crush me rejeitava.,我从未梦到暗恋对象拒绝了我。
207,Yo nunca nunca he cambiado de sitio para sentarme cerca de alguien.,I have never ever changed seats to sit closer to someone.,Je n'ai jamais change de place pour m'asseoir plus pres de quelqu'un.,Non ho mai cambiato posto per sedermi vicino a qualcuno.,Ich habe noch nie den Platz gewechselt um naeher bei jemandem zu sitzen.,Eu nunca nunca mudei de lugar para me sentar perto de alguem.,我从未换座位只为坐到某人旁边。
208,Yo nunca nunca me ha gustado alguien por su acento.,I have never ever had a crush on someone because of their accent.,Je n'ai jamais craque pour quelqu'un a cause de son accent.,Non ho mai avuto una cotta per qualcuno per il suo accento.,Ich hatte noch nie einen Crush auf jemanden wegen seines Akzents.,Eu nunca nunca tive um crush por alguem por causa do sotaque.,我从未因为某人的口音而心动。
209,Yo nunca nunca me ha gustado alguien que no le gustaba a nadie mas.,I have never ever had a crush on someone nobody else found attractive.,Je n'ai jamais eu le beguin pour quelqu'un que personne d'autre ne trouvait attirant.,Non ho mai avuto una cotta per qualcuno che nessun altro trovava attraente.,Ich hatte noch nie einen Crush auf jemanden den sonst niemand attraktiv fand.,Eu nunca nunca tive um crush por alguem que mais ninguem achava atraente.,我从未暗恋过别人都不觉得好看的人。
210,Yo nunca nunca he hecho algo arriesgado solo para impresionar a mi crush.,I have never ever done something risky just to impress my crush.,Je n'ai jamais fait quelque chose de risque juste pour impressionner mon crush.,Non ho mai fatto qualcosa di rischioso solo per impressionare il mio crush.,Ich habe noch nie etwas Riskantes getan nur um meinen Schwarm zu beeindrucken.,Eu nunca nunca fiz algo arriscado so para impressionar o meu crush.,我从未为了打动暗恋的人而做冒险的事。
211,Yo nunca nunca he tenido un crush por internet durante meses.,I have never ever had an online crush for months.,Je n'ai jamais eu un crush en ligne pendant des mois.,Non ho mai avuto una cotta online per mesi.,Ich hatte noch nie einen Online-Crush der Monate gedauert hat.,Eu nunca nunca tive um crush online durante meses.,我从未在网上暗恋一个人好几个月。
212,Yo nunca nunca me ha gustado alguien tanto que lo evitaba.,I have never ever liked someone so much that I avoided them.,Je n'ai jamais aime quelqu'un au point de l'eviter.,Non ho mai apprezzato qualcuno al punto da evitarlo.,Ich habe noch nie jemanden so sehr gemocht dass ich die Person gemieden habe.,Eu nunca nunca gostei tanto de alguem que o evitava.,我从未喜欢一个人喜欢到刻意躲着对方。
213,Yo nunca nunca he planeado una cita perfecta y todo ha salido fatal.,I have never ever planned a perfect date and had everything go wrong.,Je n'ai jamais planifie un rendez-vous parfait ou tout a mal tourne.,Non ho mai pianificato un appuntamento perfetto e tutto e andato storto.,Ich habe noch nie ein perfektes Date geplant bei dem alles schiefgegangen ist.,Eu nunca nunca planeei um encontro perfeito e tudo correu mal.,我从未精心策划了一场完美约会结果一团糟。
214,Yo nunca nunca he dicho algo inapropiado intentando ligar.,I have never ever said something inappropriate while trying to flirt.,Je n'ai jamais dit quelque chose d'inapproprie en essayant de draguer.,Non ho mai detto qualcosa di inappropriato cercando di flirtare.,Ich habe noch nie etwas Unpassendes gesagt waehrend ich versucht habe zu flirten.,Eu nunca nunca disse algo inapropriado ao tentar engatar.,我从未在试图搭讪时说了不合适的话。
215,Yo nunca nunca he tenido un crush con una persona que me atendia en un cafe.,I have never ever had a crush on a barista.,Je n'ai jamais eu le beguin pour un barista.,Non ho mai avuto una cotta per un barista.,Ich hatte noch nie einen Crush auf einen Barista.,Eu nunca nunca tive um crush por um barista.,我从未暗恋过给我冲咖啡的人。
216,Yo nunca nunca he inventado una alergia para evitar besar a alguien.,I have never ever faked an allergy to avoid kissing someone.,Je n'ai jamais invente une allergie pour eviter d'embrasser quelqu'un.,Non ho mai inventato un'allergia per evitare di baciare qualcuno.,Ich habe noch nie eine Allergie vorgetaeuscht um jemanden nicht kuessen zu muessen.,Eu nunca nunca inventei uma alergia para evitar beijar alguem.,我从未编造过敏来避免亲某个人。
217,Yo nunca nunca he intentado guinar un ojo y me ha salido mal.,I have never ever tried to wink at someone and it went wrong.,Je n'ai jamais essaye de faire un clin d'oeil et ca a mal tourne.,Non ho mai provato a fare l'occhiolino e mi e venuto male.,Ich habe noch nie versucht jemandem zuzuzwinkern und es ging schief.,Eu nunca nunca tentei piscar o olho a alguem e saiu mal.,我从未想抛媚眼结果很丢人。
218,Yo nunca nunca he dejado que mis amigos me organizaran una cita.,I have never ever let my friends set me up on a date.,Je n'ai jamais laisse mes amis m'organiser un rendez-vous.,Non ho mai lasciato che i miei amici mi organizzassero un appuntamento.,Ich habe noch nie meine Freunde ein Date fuer mich organisieren lassen.,Eu nunca nunca deixei os meus amigos arranjarem-me um encontro.,我从未让朋友给我安排相亲。
219,Yo nunca nunca he fingido enviar un mensaje a mi crush por error.,I have never ever pretended to accidentally text my crush.,Je n'ai jamais fait semblant d'envoyer un message a mon crush par erreur.,Non ho mai finto di mandare un messaggio al mio crush per sbaglio.,Ich habe noch nie so getan als haette ich meinem Schwarm versehentlich geschrieben.,Eu nunca nunca fingi enviar uma mensagem ao meu crush por engano.,我从未假装给暗恋的人发了条误发消息。
220,Yo nunca nunca he descubierto que mi crush sabia que me gustaba.,I have never ever found out that my crush knew I had a crush on them.,Je n'ai jamais decouvert que mon crush savait que je l'aimais.,Non ho mai scoperto che il mio crush sapeva che mi piaceva.,Ich habe noch nie herausgefunden dass mein Schwarm wusste dass ich ihn mochte.,Eu nunca nunca descobri que o meu crush sabia que eu gostava.,我从未发现暗恋对象知道我喜欢他们。
221,Yo nunca nunca me he grabado confesandome para escuchar como sonaba.,I have never ever recorded myself confessing just to hear how I sounded.,Je ne me suis jamais enregistre en me declarant pour entendre comment je sonnais.,Non mi sono mai registrato mentre mi dichiaravo per sentire come suonavo.,Ich habe noch nie aufgenommen wie ich mich gestehe nur um zu hoeren wie ich klinge.,Eu nunca nunca me gravei a confessar-me para ouvir como soava.,我从未录下自己告白的声音来听听效果。
222,Yo nunca nunca he cancelado con amigos para estar con alguien que me gustaba.,I have never ever canceled on friends to be with someone I liked.,Je n'ai jamais annule avec des amis pour etre avec quelqu'un qui me plaisait.,Non ho mai annullato con gli amici per stare con qualcuno che mi piaceva.,Ich habe noch nie bei Freunden abgesagt um mit jemandem zusammen zu sein den ich mochte.,Eu nunca nunca cancelei com amigos para estar com alguem de quem gostava.,我从未取消和朋友的约来和喜欢的人在一起。
223,Yo nunca nunca he guardado un mensaje de voz antiguo de alguien que queria.,I have never ever kept an old voicemail from someone I used to love.,Je n'ai jamais garde un ancien message vocal de quelqu'un que j'aimais.,Non ho mai conservato un vecchio vocale di qualcuno che amavo.,Ich habe noch nie eine alte Sprachnachricht von jemandem aufbewahrt den ich geliebt habe.,Eu nunca nunca guardei uma mensagem de voz antiga de alguem que amava.,我从未保留过曾经爱过的人留下的语音。
224,Yo nunca nunca he tenido un crush con mi entrenador o instructor.,I have never ever had a crush on my trainer or instructor.,Je n'ai jamais eu le beguin pour mon entraineur ou instructeur.,Non ho mai avuto una cotta per il mio allenatore o istruttore.,Ich hatte noch nie einen Crush auf meinen Trainer oder Kursleiter.,Eu nunca nunca tive um crush pelo meu treinador ou instrutor.,我从未暗恋过自己的教练或老师。
225,Yo nunca nunca me he comprado un perfume o colonia por alguien.,I have never ever bought a new cologne or perfume because of someone.,Je n'ai jamais achete un nouveau parfum a cause de quelqu'un.,Non ho mai comprato un profumo nuovo a causa di qualcuno.,Ich habe noch nie wegen jemandem ein neues Parfuem gekauft.,Eu nunca nunca comprei um perfume novo por causa de alguem.,我从未因为某人而买了新香水。
226,Yo nunca nunca he borrado todas las fotos de un ex por rabia.,I have never ever deleted all photos of an ex in anger.,Je n'ai jamais supprime toutes les photos d'un ex par colere.,Non ho mai cancellato tutte le foto di un ex per rabbia.,Ich habe noch nie alle Fotos von einem Ex aus Wut geloescht.,Eu nunca nunca apaguei todas as fotos de um ex por raiva.,我从未一气之下删光前任的所有照片。
227,Yo nunca nunca he tenido un ex que volvio y casi caigo otra vez.,I have never ever had an ex come back and almost fallen for them again.,Je n'ai jamais eu un ex qui est revenu et j'ai failli retomber.,Non ho mai avuto un ex che e tornato e quasi ci sono ricascato.,Ich hatte noch nie einen Ex der zurueckkam und ich waere fast wieder darauf reingefallen.,Eu nunca nunca tive um ex que voltou e quase cai outra vez.,我从未有过前任回头差点又心软。
228,Yo nunca nunca he tenido un crush con mas de tres personas a la vez.,I have never ever had a crush on more than three people at once.,Je n'ai jamais eu le beguin pour plus de trois personnes a la fois.,Non ho mai avuto una cotta per piu di tre persone contemporaneamente.,Ich hatte noch nie gleichzeitig einen Crush auf mehr als drei Personen.,Eu nunca nunca tive um crush por mais de tres pessoas ao mesmo tempo.,我从未同时暗恋超过三个人。
229,Yo nunca nunca he fingido que me gustaba un genero musical en una cita.,I have never ever pretended to like a music genre on a date.,Je n'ai jamais fait semblant d'aimer un genre de musique lors d'un rendez-vous.,Non ho mai finto di apprezzare un genere musicale durante un appuntamento.,Ich habe noch nie auf einem Date so getan als wuerde mir ein Musikgenre gefallen.,Eu nunca nunca fingi gostar de um genero musical num encontro.,我从未在约会中假装喜欢某种音乐类型。
230,Yo nunca nunca he perdido el sueno por no poder dejar de pensar en alguien.,I have never ever lost sleep because I couldn't stop thinking about someone.,Je n'ai jamais perdu le sommeil parce que je ne pouvais pas arreter de penser a quelqu'un.,Non ho mai perso il sonno perche non riuscivo a smettere di pensare a qualcuno.,Ich habe noch nie den Schlaf verloren weil ich nicht aufhoeren konnte an jemanden zu denken.,Eu nunca nunca perdi o sono por nao conseguir parar de pensar em alguem.,我从未因为满脑子都是某人而睡不着。
231,Yo nunca nunca he cambiado mi bio de Instagram esperando que mi crush la viera.,I have never ever changed my Instagram bio hoping my crush would notice.,Je n'ai jamais change ma bio Instagram en esperant que mon crush la remarque.,Non ho mai cambiato la mia bio Instagram sperando che il mio crush la vedesse.,Ich habe noch nie meine Instagram-Bio geaendert in der Hoffnung dass mein Schwarm es bemerkt.,Eu nunca nunca mudei a minha bio do Instagram a esperar que o meu crush visse.,我从未改过Instagram简介希望暗恋对象看到。
232,Yo nunca nunca he puesto el nombre de mi crush como contrasena.,I have never ever used my crush's name as a password.,Je n'ai jamais utilise le nom de mon crush comme mot de passe.,Non ho mai usato il nome del mio crush come password.,Ich habe noch nie den Namen meines Schwarms als Passwort benutzt.,Eu nunca nunca usei o nome do meu crush como palavra-passe.,我从未把暗恋对象的名字当密码用。
233,Yo nunca nunca me he metido en la cuenta de un ex en redes.,I have never ever logged into an ex's social media account.,Je ne me suis jamais connecte au compte de reseaux sociaux d'un ex.,Non ho mai effettuato l'accesso all'account social di un ex.,Ich habe mich noch nie in den Social-Media-Account eines Ex eingeloggt.,Eu nunca nunca entrei na conta de um ex nas redes sociais.,我从未登录过前任的社交媒体账号。
234,Yo nunca nunca he mentido sobre tener experiencia en el amor.,I have never ever lied about being experienced in romance.,Je n'ai jamais menti sur le fait d'avoir de l'experience en amour.,Non ho mai mentito sull'avere esperienza in amore.,Ich habe noch nie darueber gelogen Erfahrung in der Liebe zu haben.,Eu nunca nunca menti sobre ter experiencia no amor.,我从未在恋爱经验上撒过谎。
235,Yo nunca nunca he tenido una relacion secreta.,I have never ever had a secret relationship.,Je n'ai jamais eu une relation secrete.,Non ho mai avuto una relazione segreta.,Ich hatte noch nie eine geheime Beziehung.,Eu nunca nunca tive uma relacao secreta.,我从未有过秘密恋情。
236,Yo nunca nunca he besado a alguien para evitar un silencio incomodo.,I have never ever kissed someone to avoid an awkward silence.,Je n'ai jamais embrasse quelqu'un pour eviter un silence genant.,Non ho mai baciato qualcuno per evitare un silenzio imbarazzante.,Ich habe noch nie jemanden gekuesst um eine peinliche Stille zu vermeiden.,Eu nunca nunca beijei alguem para evitar um silencio constrangedor.,我从未为了打破尴尬的沉默而亲吻某人。
237,Yo nunca nunca he pedido a alguien que me leyera los mensajes para ayudarme a responder a mi crush.,I have never ever had someone read my texts to help me reply to my crush.,Je n'ai jamais demande a quelqu'un de lire mes messages pour m'aider a repondre a mon crush.,Non ho mai chiesto a qualcuno di leggere i miei messaggi per aiutarmi a rispondere al mio crush.,Ich habe noch nie jemanden gebeten meine Nachrichten zu lesen um mir beim Antworten an meinen Schwarm zu helfen.,Eu nunca nunca pedi a alguem para ler as minhas mensagens para me ajudar a responder ao meu crush.,我从未让人帮我看消息来回复暗恋对象。
238,Yo nunca nunca he comprado un regalo para alguien con quien aun no salia.,I have never ever bought a gift for someone I wasn't even dating yet.,Je n'ai jamais achete un cadeau pour quelqu'un avec qui je ne sortais pas encore.,Non ho mai comprato un regalo per qualcuno con cui non uscivo ancora.,Ich habe noch nie ein Geschenk fuer jemanden gekauft mit dem ich noch nicht zusammen war.,Eu nunca nunca comprei um presente para alguem com quem ainda nao saia.,我从未给还没开始交往的人买过礼物。
239,Yo nunca nunca he tenido un crush con alguien por como bailaba en una fiesta.,I have never ever had a crush on someone just by how they danced at a party.,Je n'ai jamais eu le beguin pour quelqu'un a cause de sa facon de danser a une fete.,Non ho mai avuto una cotta per qualcuno per come ballava a una festa.,Ich hatte noch nie einen Crush auf jemanden nur wegen der Art wie die Person auf einer Party tanzte.,Eu nunca nunca tive um crush por alguem pela forma como dancava numa festa.,我从未因为某人在派对上跳舞的样子而心动。
240,Yo nunca nunca me he quedado pensando en alguien durante una clase.,I have never ever daydreamed about someone during a class.,Je n'ai jamais reve eveille de quelqu'un pendant un cours.,Non ho mai sognato a occhi aperti su qualcuno durante una lezione.,Ich habe noch nie waehrend eines Unterrichts von jemandem getraeumt.,Eu nunca nunca fiquei a pensar em alguem durante uma aula.,我从未在上课时走神想着某个人。
241,Yo nunca nunca he fingido que me gustaba un deporte porque mi crush lo practicaba.,I have never ever pretended to like a sport because my crush played it.,Je n'ai jamais fait semblant d'aimer un sport parce que mon crush le pratiquait.,Non ho mai finto di apprezzare uno sport perche il mio crush lo praticava.,Ich habe noch nie so getan als wuerde mir eine Sportart gefallen weil mein Schwarm sie ausuebte.,Eu nunca nunca fingi gostar de um desporto porque o meu crush o praticava.,我从未因为暗恋的人玩某项运动就假装自己也喜欢。
242,Yo nunca nunca he tenido un cruce de miradas tan intenso que aun me acuerdo.,I have never ever had an eye contact moment so intense that I still think about it.,Je n'ai jamais eu un contact visuel si intense que j'y pense encore.,Non ho mai avuto un incrocio di sguardi cosi intenso che ci penso ancora.,Ich hatte noch nie so intensiven Blickkontakt dass ich mich noch daran erinnere.,Eu nunca nunca tive um cruzamento de olhares tao intenso que ainda me lembro.,我从未有过一次如此强烈的对视至今记忆犹新。
243,Yo nunca nunca me he sonrojado leyendo un mensaje de alguien que me gusta.,I have never ever blushed while reading a message from someone I like.,Je n'ai jamais rougi en lisant un message de quelqu'un qui me plait.,Non sono mai arrossito leggendo un messaggio di qualcuno che mi piace.,Ich bin noch nie rot geworden als ich eine Nachricht von jemandem gelesen habe den ich mag.,Eu nunca nunca corei a ler uma mensagem de alguem de quem gosto.,我从未在读喜欢的人发来的消息时脸红。
244,Yo nunca nunca he tenido un crush con alguien para luego enterarme de que salia con mi amigo.,I have never ever had a crush on someone only to find out they were dating my friend.,Je n'ai jamais eu le beguin pour quelqu'un pour decouvrir qu'il sortait avec mon ami.,Non ho mai avuto una cotta per qualcuno per poi scoprire che usciva con un mio amico.,Ich hatte noch nie einen Crush auf jemanden nur um herauszufinden dass die Person mit meinem Freund zusammen war.,Eu nunca nunca tive um crush por alguem para depois descobrir que saia com o meu amigo.,我从未暗恋某人后来发现对方在和朋友约会。
245,Yo nunca nunca he usado a un amigo para llevar un mensaje a mi crush.,I have never ever used a friend to deliver a message to my crush.,Je n'ai jamais utilise un ami pour transmettre un message a mon crush.,Non ho mai usato un amico per portare un messaggio al mio crush.,Ich habe noch nie einen Freund benutzt um eine Nachricht an meinen Schwarm zu uebermitteln.,Eu nunca nunca usei um amigo para levar uma mensagem ao meu crush.,我从未让朋友帮忙给暗恋对象传话。
246,Yo nunca nunca he ensayado un outfit para una cita varias veces.,I have never ever tried on a date outfit multiple times.,Je n'ai jamais essaye une tenue pour un rendez-vous plusieurs fois.,Non ho mai provato un outfit per un appuntamento piu volte.,Ich habe noch nie ein Date-Outfit mehrmals anprobiert.,Eu nunca nunca experimentei uma roupa para um encontro varias vezes.,我从未为约会反复试穿衣服。
247,Yo nunca nunca he llorado escuchando nuestra cancion despues de una ruptura.,I have never ever cried listening to our song after a breakup.,Je n'ai jamais pleure en ecoutant notre chanson apres une rupture.,Non ho mai pianto ascoltando la nostra canzone dopo una rottura.,Ich habe noch nie bei unserem Lied nach einer Trennung geweint.,Eu nunca nunca chorei a ouvir a nossa musica depois de uma separacao.,我从未在分手后听到属于两个人的歌而哭。
248,Yo nunca nunca he fingido que la nueva relacion de mi ex no me molestaba.,I have never ever pretended to be cool about an ex's new relationship.,Je n'ai jamais fait semblant d'etre indifferent a la nouvelle relation de mon ex.,Non ho mai finto che la nuova relazione del mio ex non mi desse fastidio.,Ich habe noch nie so getan als wuerde mich die neue Beziehung meines Ex nicht stoeren.,Eu nunca nunca fingi que a nova relacao do meu ex nao me incomodava.,我从未假装对前任的新恋情毫不在意。
249,Yo nunca nunca he usado la astrologia para decidir si alguien era compatible.,I have never ever used astrology to decide if someone was compatible.,Je n'ai jamais utilise l'astrologie pour decider si quelqu'un etait compatible.,Non ho mai usato l'astrologia per decidere se qualcuno era compatibile.,Ich habe noch nie Astrologie benutzt um zu entscheiden ob jemand kompatibel ist.,Eu nunca nunca usei a astrologia para decidir se alguem era compativel.,我从未用星座来决定某人是否适合我。
250,Yo nunca nunca he tenido un crush con alguien de quien todos me advertian.,I have never ever had a crush on someone everyone warned me about.,Je n'ai jamais eu le beguin pour quelqu'un dont tout le monde m'avertissait.,Non ho mai avuto una cotta per qualcuno di cui tutti mi avvertivano.,Ich hatte noch nie einen Crush auf jemanden vor dem mich alle gewarnt haben.,Eu nunca nunca tive um crush por alguem de quem todos me avisavam.,我从未暗恋过所有人都警告我远离的人。
251,Yo nunca nunca he comparado mi historia de amor con una pelicula.,I have never ever compared my love story to a movie.,Je n'ai jamais compare mon histoire d'amour a un film.,Non ho mai paragonato la mia storia d'amore a un film.,Ich habe noch nie meine Liebesgeschichte mit einem Film verglichen.,Eu nunca nunca comparei a minha historia de amor com um filme.,我从未拿自己的爱情故事和电影相比。
252,Yo nunca nunca he tenido a alguien coqueteando conmigo y me di cuenta despues.,I have never ever had someone flirt with me and only realized later.,Je n'ai jamais eu quelqu'un qui flirtait avec moi et je ne m'en suis rendu compte qu'apres.,Non ho mai avuto qualcuno che flirtava con me e l'ho capito solo dopo.,Ich habe noch nie erlebt dass jemand mit mir geflirtet hat und ich es erst spaeter gemerkt habe.,Eu nunca nunca tive alguem a flertar comigo e so percebi depois.,我从未被人撩了之后才反应过来。
253,Yo nunca nunca he mentido sobre mis intereses para no perder una conversacion con mi crush.,I have never ever lied about my interests to keep a conversation going with my crush.,Je n'ai jamais menti sur mes centres d'interet pour maintenir une conversation avec mon crush.,Non ho mai mentito sui miei interessi per mantenere viva una conversazione con il mio crush.,Ich habe noch nie ueber meine Interessen gelogen um das Gespraech mit meinem Schwarm am Laufen zu halten.,Eu nunca nunca menti sobre os meus interesses para manter uma conversa com o meu crush.,我从未为了能和暗恋的人继续聊天而谎报兴趣爱好。
254,Yo nunca nunca he dado un rodeo mas largo solo para acompanar a alguien a casa.,I have never ever taken a longer route just to walk someone home.,Je n'ai jamais pris un chemin plus long juste pour raccompagner quelqu'un.,Non ho mai fatto un giro piu lungo solo per accompagnare qualcuno a casa.,Ich bin noch nie einen laengeren Weg gegangen nur um jemanden nach Hause zu begleiten.,Eu nunca nunca dei uma volta maior so para acompanhar alguem a casa.,我从未绕远路只为多送某人一段。
255,Yo nunca nunca he sonreido al movil por un mensaje de mi crush.,I have never ever smiled at my phone because of a text from my crush.,Je n'ai jamais souri a mon telephone a cause d'un message de mon crush.,Non ho mai sorriso al telefono per un messaggio del mio crush.,Ich habe noch nie wegen einer Nachricht von meinem Schwarm mein Handy angelaechelt.,Eu nunca nunca sorri para o telemovel por causa de uma mensagem do meu crush.,我从未因为暗恋对象的消息而对着手机傻笑。
256,Yo nunca nunca he hecho un TikTok o reel sobre mi vida amorosa.,I have never ever made a TikTok or reel about my love life.,Je n'ai jamais fait un TikTok ou reel sur ma vie amoureuse.,Non ho mai fatto un TikTok o reel sulla mia vita amorosa.,Ich habe noch nie ein TikTok oder Reel ueber mein Liebesleben gemacht.,Eu nunca nunca fiz um TikTok ou reel sobre a minha vida amorosa.,我从未发过关于自己感情生活的TikTok或短视频。
257,Yo nunca nunca me he enamorado de alguien en una boda.,I have never ever fallen for someone at a wedding.,Je n'ai jamais craque pour quelqu'un a un mariage.,Non mi sono mai innamorato di qualcuno a un matrimonio.,Ich habe mich noch nie auf einer Hochzeit in jemanden verliebt.,Eu nunca nunca me apaixonei por alguem num casamento.,我从未在婚礼上爱上某人。
258,Yo nunca nunca me ha dicho mi crush que solo me veia como amigo.,I have never ever had my crush tell me they only see me as a friend.,Je n'ai jamais eu mon crush qui m'a dit qu'il ne me voyait que comme un ami.,Non ho mai avuto il mio crush che mi ha detto che mi vedeva solo come amico.,Mein Schwarm hat mir noch nie gesagt dass er mich nur als Freund sieht.,Eu nunca nunca o meu crush me disse que so me via como amigo.,我从未被暗恋对象说只把我当朋友。
259,Yo nunca nunca he fingido que el exito de mi ex no me afectaba.,I have never ever pretended that my ex's success didn't bother me.,Je n'ai jamais fait semblant que le succes de mon ex ne me derangeait pas.,Non ho mai finto che il successo del mio ex non mi desse fastidio.,Ich habe noch nie so getan als wuerde mich der Erfolg meines Ex nicht stoeren.,Eu nunca nunca fingi que o sucesso do meu ex nao me afetava.,我从未假装前任的成功不影响我。
260,Yo nunca nunca he tenido un crush con un socorrista.,I have never ever had a crush on a lifeguard.,Je n'ai jamais eu le beguin pour un maitre-nageur.,Non ho mai avuto una cotta per un bagnino.,Ich hatte noch nie einen Crush auf einen Rettungsschwimmer.,Eu nunca nunca tive um crush por um salva-vidas.,我从未暗恋过救生员。
261,Yo nunca nunca he terminado una relacion por una corazonada.,I have never ever ended a relationship because of a gut feeling.,Je n'ai jamais mis fin a une relation a cause d'un pressentiment.,Non ho mai chiuso una relazione per un presentimento.,Ich habe noch nie eine Beziehung wegen eines Bauchgefuehls beendet.,Eu nunca nunca terminei uma relacao por um pressentimento.,我从未因为直觉而结束一段恋情。
262,Yo nunca nunca he imaginado como serian mis hijos con mi crush.,I have never ever imagined what my future kids would look like with my crush.,Je n'ai jamais imagine a quoi ressembleraient mes enfants avec mon crush.,Non ho mai immaginato come sarebbero i miei figli con il mio crush.,Ich habe noch nie vorgestellt wie meine Kinder mit meinem Schwarm aussehen wuerden.,Eu nunca nunca imaginei como seriam os meus filhos com o meu crush.,我从未想象过和暗恋的人生的孩子长什么样。
263,Yo nunca nunca he tenido un momento romantico en una libreria o biblioteca.,I have never ever had a romantic moment in a bookshop or library.,Je n'ai jamais vecu un moment romantique dans une librairie ou bibliotheque.,Non ho mai avuto un momento romantico in una libreria o biblioteca.,Ich hatte noch nie einen romantischen Moment in einem Buchladen oder einer Bibliothek.,Eu nunca nunca tive um momento romantico numa livraria ou biblioteca.,我从未在书店或图书馆有过浪漫的瞬间。
264,Yo nunca nunca he stalkeado las fotos en las que estaba etiquetado mi crush.,I have never ever stalked my crush's tagged photos.,Je n'ai jamais stalke les photos ou mon crush etait identifie.,Non ho mai stalkerato le foto in cui il mio crush era taggato.,Ich habe noch nie die markierten Fotos meines Schwarms durchgeschaut.,Eu nunca nunca stalkei as fotos em que o meu crush estava identificado.,我从未翻看暗恋对象被标记的照片。
265,Yo nunca nunca me han enviado flores de forma anonima.,I have never ever had someone send me flowers anonymously.,Je n'ai jamais recu de fleurs de facon anonyme.,Non ho mai ricevuto fiori in modo anonimo.,Ich habe noch nie anonym Blumen zugeschickt bekommen.,Eu nunca nunca me enviaram flores de forma anonima.,我从未收到过匿名送的花。
266,Yo nunca nunca me han dicho que soy demasiado intenso expresando sentimientos.,I have never ever been told I was too intense when expressing feelings.,Je n'ai jamais entendu dire que j'etais trop intense en exprimant mes sentiments.,Non mi hanno mai detto che ero troppo intenso nell'esprimere i sentimenti.,Mir wurde noch nie gesagt ich sei zu intensiv beim Ausdruecken meiner Gefuehle.,Eu nunca nunca me disseram que sou demasiado intenso a expressar sentimentos.,我从未被说过表达感情时太过强烈。
267,Yo nunca nunca he intentado averiguar cosas de mi crush a traves de sus amigos.,I have never ever tried to find out things about my crush through their friends.,Je n'ai jamais essaye de decouvrir des choses sur mon crush par le biais de ses amis.,Non ho mai provato a scoprire cose sul mio crush attraverso i suoi amici.,Ich habe noch nie versucht ueber die Freunde meines Schwarms Dinge herauszufinden.,Eu nunca nunca tentei descobrir coisas do meu crush atraves dos amigos.,我从未通过朋友打探暗恋对象的事。
268,Yo nunca nunca he tenido una playlist que me recordaba a cada ex.,I have never ever had a playlist that reminded me of every ex.,Je n'ai jamais eu une playlist qui me rappelait chaque ex.,Non ho mai avuto una playlist che mi ricordava ogni ex.,Ich hatte noch nie eine Playlist die mich an jeden Ex erinnerte.,Eu nunca nunca tive uma playlist que me lembrava cada ex.,我从未有过一个让我想起每个前任的歌单。
269,Yo nunca nunca he comido solo en un restaurante fingiendo esperar una cita.,I have never ever eaten at a restaurant alone pretending to wait for a date.,Je n'ai jamais mange seul dans un restaurant en faisant semblant d'attendre un rendez-vous.,Non ho mai mangiato da solo in un ristorante fingendo di aspettare un appuntamento.,Ich habe noch nie allein in einem Restaurant gegessen und so getan als wuerde ich auf ein Date warten.,Eu nunca nunca comi sozinho num restaurante fingindo esperar um encontro.,我从未一个人在餐厅吃饭假装在等约会对象。
270,Yo nunca nunca he visto que mi crush le dio like a una foto mia antigua.,I have never ever seen my crush like an old photo of mine.,Je n'ai jamais vu que mon crush a aime une de mes anciennes photos.,Non ho mai visto che il mio crush ha messo like a una mia vecchia foto.,Ich habe noch nie gesehen dass mein Schwarm ein altes Foto von mir geliked hat.,Eu nunca nunca vi o meu crush dar like numa foto minha antiga.,我从未发现暗恋对象给我的旧照片点了赞。
271,Yo nunca nunca me he prometido no enamorarme y lo he hecho igualmente.,I have never ever promised myself not to fall in love and done it anyway.,Je ne me suis jamais promis de ne pas tomber amoureux et l'ai fait quand meme.,Non ho mai promesso a me stesso di non innamorarmi e poi l'ho fatto comunque.,Ich habe mir noch nie versprochen mich nicht zu verlieben und es trotzdem getan.,Eu nunca nunca prometi a mim mesmo nao me apaixonar e fi-lo na mesma.,我从未发誓不再心动结果还是动心了。
272,Yo nunca nunca he tenido un crush que arruino una amistad.,I have never ever had a crush that ruined a friendship.,Je n'ai jamais eu un crush qui a ruine une amitie.,Non ho mai avuto una cotta che ha rovinato un'amicizia.,Ich hatte noch nie einen Crush der eine Freundschaft ruiniert hat.,Eu nunca nunca tive um crush que arruinou uma amizade.,我从未因为暗恋而毁掉一段友谊。
273,Yo nunca nunca he escrito un mensaje y esperado horas para enviarlo y no parecer desesperado.,I have never ever written a text and waited hours to send it so I wouldn't seem desperate.,Je n'ai jamais ecrit un message et attendu des heures pour l'envoyer pour ne pas sembler desespere.,Non ho mai scritto un messaggio e aspettato ore per inviarlo per non sembrare disperato.,Ich habe noch nie eine Nachricht geschrieben und stundenlang gewartet sie abzuschicken um nicht verzweifelt zu wirken.,Eu nunca nunca escrevi uma mensagem e esperei horas para a enviar para nao parecer desesperado.,我从未写好消息等了好几个小时才发免得显得太心急。
274,Yo nunca nunca me he quedado en una relacion mas tiempo del que debia.,I have never ever stayed in a relationship longer than I should have.,Je ne suis jamais reste dans une relation plus longtemps que je n'aurais du.,Non sono mai rimasto in una relazione piu a lungo di quanto avrei dovuto.,Ich bin noch nie laenger in einer Beziehung geblieben als ich haette sollen.,Eu nunca nunca fiquei numa relacao mais tempo do que devia.,我从未在一段恋情中待得比应该的更久。
275,Yo nunca nunca he tenido un encuentro casual como en las peliculas.,I have never ever had a cute meet-up like in the movies.,Je n'ai jamais eu de rencontre fortuite comme dans les films.,Non ho mai avuto un incontro casuale come nei film.,Ich hatte noch nie ein zufaelliges Treffen wie in den Filmen.,Eu nunca nunca tive um encontro casual como nos filmes.,我从未像电影里那样偶然遇到某人然后来电。
276,Yo nunca nunca he fingido que la frase para ligar de alguien me funciono por educacion.,I have never ever pretended someone's pick-up line worked on me just to be polite.,Je n'ai jamais fait semblant qu'une phrase d'accroche de quelqu'un marchait sur moi par politesse.,Non ho mai finto che la frase di rimorchio di qualcuno funzionasse su di me per educazione.,Ich habe noch nie aus Hoeflichkeit so getan als haette ein Anmachspruch bei mir funktioniert.,Eu nunca nunca fingi que a frase de engate de alguem resultou comigo so por educacao.,我从未出于礼貌假装别人的搭讪起作用了。
277,Yo nunca nunca he vuelto a leer un chat antiguo con mi crush para revivir el momento.,I have never ever gone back to an old chat with a crush to relive the moment.,Je ne suis jamais retourne dans un ancien chat avec mon crush pour revivre le moment.,Non sono mai tornato a rileggere una vecchia chat con il mio crush per rivivere il momento.,Ich habe noch nie einen alten Chat mit meinem Schwarm nochmal gelesen um den Moment nochmal zu erleben.,Eu nunca nunca voltei a ler um chat antigo com o meu crush para reviver o momento.,我从未翻出和暗恋对象的旧聊天记录重温那些时刻。
278,Yo nunca nunca he tenido un amor de verano.,I have never ever had a summer love.,Je n'ai jamais eu un amour d'ete.,Non ho mai avuto un amore estivo.,Ich hatte noch nie eine Sommerliebe.,Eu nunca nunca tive um amor de verao.,我从未有过夏日恋情。
279,Yo nunca nunca he intentado impresionar a alguien en una cita con una habilidad que no tenia.,I have never ever tried to impress a date with a skill I didn't actually have.,Je n'ai jamais essaye d'impressionner quelqu'un en rendez-vous avec une competence que je n'avais pas.,Non ho mai provato a impressionare qualcuno a un appuntamento con un'abilita che non avevo.,Ich habe noch nie versucht jemanden bei einem Date mit einer Faehigkeit zu beeindrucken die ich gar nicht hatte.,Eu nunca nunca tentei impressionar alguem num encontro com uma habilidade que nao tinha.,我从未在约会中用自己并不擅长的技能来炫耀。
280,Yo nunca nunca he tenido un momento de silencio que se sintio romantico.,I have never ever had a moment of silence that felt romantic.,Je n'ai jamais eu un moment de silence qui m'a semble romantique.,Non ho mai avuto un momento di silenzio che sembrava romantico.,Ich hatte noch nie einen Moment der Stille der sich romantisch anfuehlte.,Eu nunca nunca tive um momento de silencio que pareceu romantico.,我从未经历过一段浪漫的沉默。
281,Yo nunca nunca he stalkeado el Spotify de alguien para ver que escuchaba.,I have never ever stalked someone's Spotify to see what they listen to.,Je n'ai jamais stalke le Spotify de quelqu'un pour voir ce qu'il ecoutait.,Non ho mai stalkerato lo Spotify di qualcuno per vedere cosa ascoltava.,Ich habe noch nie jemandes Spotify gestalkt um zu sehen was die Person hoert.,Eu nunca nunca stalkei o Spotify de alguem para ver o que ouvia.,我从未偷看别人的Spotify看他们在听什么。
282,Yo nunca nunca he llorado porque una pareja ficticia se separo.,I have never ever cried because a fictional couple broke up.,Je n'ai jamais pleure parce qu'un couple fictif s'est separe.,Non ho mai pianto perche una coppia fittizia si e lasciata.,Ich habe noch nie geweint weil sich ein fiktives Paar getrennt hat.,Eu nunca nunca chorei porque um casal ficticio se separou.,我从未因为虚构情侣分手而哭。
283,Yo nunca nunca he cambiado mi perfil de streaming despues de una ruptura.,I have never ever changed my streaming profile after a breakup.,Je n'ai jamais change mon profil de streaming apres une rupture.,Non ho mai cambiato il mio profilo di streaming dopo una rottura.,Ich habe noch nie mein Streaming-Profil nach einer Trennung geaendert.,Eu nunca nunca mudei o meu perfil de streaming depois de uma separacao.,我从未在分手后改过流媒体账号。
284,Yo nunca nunca he mandado una cancion a las 3 de la manana esperando que entendieran mi mensaje.,I have never ever sent a song at 3 AM hoping they'd understand the message.,Je n'ai jamais envoye une chanson a 3 heures du matin en esperant qu'il comprenne le message.,Non ho mai mandato una canzone alle 3 di notte sperando che capisse il messaggio.,Ich habe noch nie um 3 Uhr morgens ein Lied geschickt in der Hoffnung dass die Person die Botschaft versteht.,Eu nunca nunca enviei uma musica as 3 da manha na esperanca de que percebessem a mensagem.,我从未在凌晨三点发一首歌希望对方能懂其中的意思。
285,Yo nunca nunca he fingido haber superado a alguien mientras todavia veia sus historias.,I have never ever pretended to be over someone while still checking their stories.,Je n'ai jamais pretendu avoir tourne la page tout en regardant encore ses stories.,Non ho mai finto di aver superato qualcuno mentre continuavo a guardare le sue storie.,Ich habe noch nie so getan als haette ich jemanden ueberwunden waehrend ich noch deren Stories anschaute.,Eu nunca nunca fingi ter superado alguem enquanto ainda via as suas historias.,我从未假装放下了一个人其实还在看对方的动态。
286,Yo nunca nunca he tenido un crush con un repartidor.,I have never ever had a crush on a delivery person.,Je n'ai jamais eu le beguin pour un livreur.,Non ho mai avuto una cotta per un corriere.,Ich hatte noch nie einen Crush auf einen Lieferanten.,Eu nunca nunca tive um crush por um estafeta.,我从未暗恋过外卖小哥。
287,Yo nunca nunca he creado un alter ego para ser mas seguro con mi crush.,I have never ever created an alter ego to be more confident around my crush.,Je n'ai jamais cree un alter ego pour etre plus confiant devant mon crush.,Non ho mai creato un alter ego per essere piu sicuro con il mio crush.,Ich habe noch nie ein Alter Ego erschaffen um selbstbewusster in der Naehe meines Schwarms zu sein.,Eu nunca nunca criei um alter ego para ser mais confiante com o meu crush.,我从未为了在暗恋的人面前更自信而创造一个另一面的自己。
288,Yo nunca nunca he tenido una confesion que salio completamente mal.,I have never ever had a confession that went completely wrong.,Je n'ai jamais eu une declaration qui a completement mal tourne.,Non ho mai avuto una confessione che e andata completamente male.,Ich hatte noch nie ein Gestaendnis das voellig schiefgegangen ist.,Eu nunca nunca tive uma confissao que correu completamente mal.,我从未经历过一场彻底搞砸的告白。
289,Yo nunca nunca me he quedado como amigo de un ex esperando una segunda oportunidad.,I have never ever stayed friends with an ex secretly hoping for a second chance.,Je ne suis jamais reste ami avec un ex en esperant secretement une seconde chance.,Non sono mai rimasto amico di un ex sperando segretamente in una seconda possibilita.,Ich bin noch nie mit einem Ex befreundet geblieben und habe heimlich auf eine zweite Chance gehofft.,Eu nunca nunca fiquei amigo de um ex na esperanca secreta de uma segunda oportunidade.,我从未和前任做朋友暗自希望再来一次。
290,Yo nunca nunca he tenido expectativas romanticas de peliculas que nunca se cumplieron.,I have never ever had romantic expectations from movies that never came true.,Je n'ai jamais eu d'attentes romantiques de films qui ne se sont jamais realisees.,Non ho mai avuto aspettative romantiche dai film che non si sono mai avverate.,Ich hatte noch nie romantische Erwartungen aus Filmen die sich nie erfuellt haben.,Eu nunca nunca tive expectativas romanticas de filmes que nunca se concretizaram.,我从未对电影里的浪漫抱有从未实现的期望。
291,Yo nunca nunca he tenido un crush secreto con alguien del gimnasio.,I have never ever had a secret crush on someone at the gym.,Je n'ai jamais eu un crush secret pour quelqu'un de la salle de sport.,Non ho mai avuto una cotta segreta per qualcuno della palestra.,Ich hatte noch nie einen geheimen Crush auf jemanden im Fitnessstudio.,Eu nunca nunca tive um crush secreto por alguem do ginasio.,我从未在健身房暗恋过某人。
292,Yo nunca nunca he subido una foto a redes solo para que mi crush la viera.,I have never ever posted a photo on social media just for my crush to see.,Je n'ai jamais poste une photo sur les reseaux juste pour que mon crush la voie.,Non ho mai postato una foto sui social solo perche il mio crush la vedesse.,Ich habe noch nie ein Foto in sozialen Medien gepostet nur damit mein Schwarm es sieht.,Eu nunca nunca publiquei uma foto nas redes so para o meu crush ver.,我从未发照片到社交媒体只为了让暗恋的人看到。
293,Yo nunca nunca me he puesto nervioso al rozar la mano de alguien que me gusta.,I have never ever gotten nervous when accidentally touching the hand of someone I like.,Je n'ai jamais ete nerveux en effleurant la main de quelqu'un qui me plait.,Non sono mai stato nervoso nel sfiorare la mano di qualcuno che mi piace.,Ich war noch nie nervoees als ich versehentlich die Hand von jemandem beruehrt habe den ich mag.,Eu nunca nunca fiquei nervoso ao tocar na mao de alguem de quem gosto.,我从未不小心碰到喜欢的人的手时紧张不已。
294,Yo nunca nunca he fingido no haber visto el mensaje de mi crush para hacerme el interesante.,I have never ever pretended not to have seen my crush's message to play it cool.,Je n'ai jamais fait semblant de ne pas avoir vu le message de mon crush pour jouer les indifferents.,Non ho mai finto di non aver visto il messaggio del mio crush per fare l'interessante.,Ich habe noch nie so getan als haette ich die Nachricht meines Schwarms nicht gesehen um cool zu wirken.,Eu nunca nunca fingi nao ter visto a mensagem do meu crush para me fazer de interessante.,我从未假装没看到暗恋对象的消息来故作矜持。
295,Yo nunca nunca he tenido un final de relacion que no tuve oportunidad de cerrar bien.,I have never ever had a relationship ending I never got proper closure on.,Je n'ai jamais eu une fin de relation dont je n'ai jamais eu de vraie conclusion.,Non ho mai avuto una fine di relazione su cui non ho mai avuto una vera chiusura.,Ich hatte noch nie ein Beziehungsende bei dem ich keinen richtigen Abschluss bekommen habe.,Eu nunca nunca tive um final de relacao em que nunca tive um encerramento adequado.,我从未有过一段没能好好结束的恋情。
296,Yo nunca nunca he tenido un momento magico en un primer beso.,I have never ever had a magical first kiss moment.,Je n'ai jamais vecu un moment magique lors d'un premier baiser.,Non ho mai vissuto un momento magico al primo bacio.,Ich hatte noch nie einen magischen Moment bei einem ersten Kuss.,Eu nunca nunca tive um momento magico num primeiro beijo.,我从未在初吻时感受到魔法般的瞬间。
297,Yo nunca nunca he sido el confidente amoroso de todos mis amigos sin tener suerte yo.,I have never ever been everyone's love advisor while having no luck myself.,Je n'ai jamais ete le conseiller amoureux de tous mes amis sans avoir moi-meme de chance.,Non sono mai stato il confidente amoroso di tutti i miei amici senza avere fortuna io.,Ich war noch nie der Liebesberater aller meiner Freunde ohne selbst Glueck zu haben.,Eu nunca nunca fui o conselheiro amoroso de todos os meus amigos sem ter sorte eu.,我从未当了所有朋友的恋爱顾问自己却没运气。
298,Yo nunca nunca he visto a mi crush en suenos tan seguido que se sentia real.,I have never ever seen my crush in dreams so often it felt real.,Je n'ai jamais vu mon crush en reve si souvent que ca semblait reel.,Non ho mai visto il mio crush nei sogni cosi spesso che sembrava reale.,Ich habe noch nie meinen Schwarm so oft in Traeumen gesehen dass es sich real anfuehlte.,Eu nunca nunca vi o meu crush em sonhos com tanta frequencia que parecia real.,我从未频繁梦到暗恋的人以至于感觉像真的。
299,Yo nunca nunca he tenido un crush tan absurdo que me daba verguenza contarlo.,I have never ever had a crush so absurd I was embarrassed to talk about it.,Je n'ai jamais eu un crush tellement absurde que j'avais honte d'en parler.,Non ho mai avuto una cotta cosi assurda che mi vergognavo a parlarne.,Ich hatte noch nie einen so absurden Crush dass es mir peinlich war darueber zu reden.,Eu nunca nunca tive um crush tao absurdo que tinha vergonha de contar.,我从未暗恋过一个荒唐到不好意思说出口的人。
300,Yo nunca nunca he deseado poder borrar los sentimientos por alguien con un boton.,I have never ever wished I could erase feelings for someone with the push of a button.,Je n'ai jamais souhaite pouvoir effacer mes sentiments pour quelqu'un en appuyant sur un bouton.,Non ho mai desiderato poter cancellare i sentimenti per qualcuno con la pressione di un pulsante.,Ich habe noch nie gewuenscht meine Gefuehle fuer jemanden mit einem Knopfdruck loeschen zu koennen.,Eu nunca nunca desejei poder apagar os sentimentos por alguem com um botao.,我从未希望能按一个按钮就抹去对某人的感情。