101,Yo nunca nunca he fingido hablar por telefono para evitar a alguien.,I have never ever pretended to be on the phone to avoid someone.,Je n'ai jamais fait semblant de parler au telephone pour eviter quelqu'un.,Non ho mai finto di parlare al telefono per evitare qualcuno.,Ich habe noch nie so getan als wuerde ich telefonieren um jemanden zu meiden.,Eu nunca nunca fingi falar ao telefone para evitar alguem.,我从未假装打电话来躲避某人。
102,Yo nunca nunca me he comido el ultimo trozo sin preguntar a nadie.,I have never ever eaten the last piece of something without asking anyone.,Je n'ai jamais mange le dernier morceau sans demander a personne.,Non ho mai mangiato l'ultimo pezzo senza chiedere a nessuno.,Ich habe noch nie das letzte Stueck gegessen ohne jemanden zu fragen.,Eu nunca nunca comi o ultimo pedaco sem perguntar a ninguem.,我从未不问一声就吃掉最后一份。
103,Yo nunca nunca he usado la cuenta de streaming de otra persona sin permiso.,I have never ever used someone else's streaming account without permission.,Je n'ai jamais utilise le compte de streaming de quelqu'un sans permission.,Non ho mai usato l'account di streaming di qualcun altro senza permesso.,Ich habe noch nie ohne Erlaubnis den Streaming-Account einer anderen Person benutzt.,Eu nunca nunca usei a conta de streaming de outra pessoa sem permissao.,我从未未经允许用过别人的流媒体账号。
104,Yo nunca nunca he repetido la misma ropa dos dias seguidos.,I have never ever worn the same outfit two days in a row.,Je n'ai jamais porte les memes vetements deux jours de suite.,Non ho mai indossato gli stessi vestiti due giorni di fila.,Ich habe noch nie zwei Tage hintereinander das gleiche Outfit getragen.,Eu nunca nunca repeti a mesma roupa dois dias seguidos.,我从未连续两天穿同一套衣服。
105,Yo nunca nunca he olvidado el nombre de alguien justo despues de presentarnos.,I have never ever forgotten someone's name right after being introduced.,Je n'ai jamais oublie le prenom de quelqu'un juste apres avoir ete presente.,Non ho mai dimenticato il nome di qualcuno subito dopo essere stato presentato.,Ich habe noch nie den Namen von jemandem direkt nach der Vorstellung vergessen.,Eu nunca nunca esqueci o nome de alguem logo depois de nos apresentarmos.,我从未在刚认识别人后马上忘了名字。
106,Yo nunca nunca he dicho que estaba bien cuando claramente no lo estaba.,I have never ever said I was fine when I clearly wasn't.,Je n'ai jamais dit que ca allait alors que ce n'etait clairement pas le cas.,Non ho mai detto che stavo bene quando chiaramente non era vero.,Ich habe noch nie gesagt es geht mir gut obwohl das eindeutig nicht stimmte.,Eu nunca nunca disse que estava bem quando claramente nao estava.,我从未在明显不好的时候说自己没事。
107,Yo nunca nunca me he visto una serie entera en un solo dia.,I have never ever binge-watched an entire series in one day.,Je n'ai jamais regarde une serie entiere en un seul jour.,Non ho mai guardato un'intera serie in un solo giorno.,Ich habe noch nie eine ganze Serie an einem einzigen Tag durchgeschaut.,Eu nunca nunca vi uma serie inteira num so dia.,我从未一天之内刷完一整部剧。
108,Yo nunca nunca me he chocado con una puerta de cristal.,I have never ever walked into a glass door.,Je ne me suis jamais cogne contre une porte en verre.,Non ho mai sbattuto contro una porta di vetro.,Ich bin noch nie gegen eine Glastuer gelaufen.,Eu nunca nunca embati numa porta de vidro.,我从未撞上过玻璃门。
109,Yo nunca nunca he devuelto un saludo a alguien que no me saludaba a mi.,I have never ever waved back at someone who wasn't waving at me.,Je n'ai jamais repondu a un salut qui ne m'etait pas destine.,Non ho mai ricambiato un saluto che non era rivolto a me.,Ich habe noch nie jemandem zurueckgewinkt der gar nicht mir zugewinkt hat.,Eu nunca nunca retribui um aceno que nao era para mim.,我从未向并不是在跟我打招呼的人挥手回应。
110,Yo nunca nunca he cogido comida de un companero sin pedir permiso.,I have never ever taken food from a roommate without asking.,Je n'ai jamais pris de la nourriture d'un colocataire sans demander.,Non ho mai preso il cibo di un coinquilino senza chiedere.,Ich habe noch nie Essen von einem Mitbewohner genommen ohne zu fragen.,Eu nunca nunca tirei comida de um colega de casa sem pedir.,我从未未经允许拿过室友的食物。
111,Yo nunca nunca he llamado mama o papa a un profesor por error.,I have never ever accidentally called a teacher mom or dad.,Je n'ai jamais appele un professeur maman ou papa par erreur.,Non ho mai chiamato un professore mamma o papa per sbaglio.,Ich habe noch nie aus Versehen einen Lehrer Mama oder Papa genannt.,Eu nunca nunca chamei um professor de mae ou pai por engano.,我从未不小心管老师叫过妈妈或爸爸。
112,Yo nunca nunca he dicho que me quedaba sin bateria para acabar una conversacion.,I have never ever said my phone was dying to end a conversation.,Je n'ai jamais dit que mon telephone allait s'eteindre pour finir une conversation.,Non ho mai detto che il telefono si stava scaricando per chiudere una conversazione.,Ich habe noch nie gesagt mein Akku sei leer um ein Gespraech zu beenden.,Eu nunca nunca disse que estava sem bateria para acabar uma conversa.,我从未谎称手机快没电来结束对话。
113,Yo nunca nunca he releido conversaciones antiguas solo para sentir verguenza.,I have never ever re-read old conversations just to cringe.,Je n'ai jamais relu de vieilles conversations juste pour avoir honte.,Non ho mai riletto vecchie conversazioni solo per provare imbarazzo.,Ich habe noch nie alte Chats nochmal gelesen nur um mich zu schaemen.,Eu nunca nunca reli conversas antigas so para sentir vergonha.,我从未重读旧聊天记录然后尴尬得不行。
114,Yo nunca nunca me he pasado toda la noche viendo videos en el movil.,I have never ever stayed up all night watching videos on my phone.,Je n'ai jamais passe toute la nuit a regarder des videos sur mon telephone.,Non ho mai passato tutta la notte a guardare video sul telefono.,Ich habe noch nie die ganze Nacht Videos auf dem Handy geschaut.,Eu nunca nunca passei a noite toda a ver videos no telemovel.,我从未整晚刷手机视频不睡觉。
115,Yo nunca nunca he mentido sobre haber hecho los deberes.,I have never ever lied about having done my homework.,Je n'ai jamais menti sur le fait d'avoir fait mes devoirs.,Non ho mai mentito sull'aver fatto i compiti.,Ich habe noch nie darueber gelogen meine Hausaufgaben gemacht zu haben.,Eu nunca nunca menti sobre ter feito os trabalhos de casa.,我从未撒谎说已经做完了作业。
116,Yo nunca nunca he culpado al autocorrector de un mensaje que si queria enviar.,I have never ever blamed autocorrect for a message I actually meant to send.,Je n'ai jamais accuse le correcteur automatique pour un message que je voulais envoyer.,Non ho mai dato la colpa al correttore per un messaggio che volevo davvero inviare.,Ich habe noch nie die Autokorrektur fuer eine Nachricht beschuldigt die ich wirklich so meinte.,Eu nunca nunca culpei o autocorretor por uma mensagem que realmente queria enviar.,我从未把真心想发的消息赖给自动纠错。
117,Yo nunca nunca he sacado foto a mi comida antes de comer.,I have never ever taken a photo of my food before eating.,Je n'ai jamais pris une photo de mon plat avant de manger.,Non ho mai fatto una foto al mio cibo prima di mangiare.,Ich habe noch nie ein Foto von meinem Essen gemacht bevor ich es gegessen habe.,Eu nunca nunca tirei foto a minha comida antes de comer.,我从未在吃东西前先拍照。
118,Yo nunca nunca he guardado un secreto durante mas de un ano.,I have never ever kept a secret for more than a year.,Je n'ai jamais garde un secret pendant plus d'un an.,Non ho mai tenuto un segreto per piu di un anno.,Ich habe noch nie ein Geheimnis laenger als ein Jahr bewahrt.,Eu nunca nunca guardei um segredo durante mais de um ano.,我从未保守秘密超过一年。
119,Yo nunca nunca he abierto la nevera solo para mirar y cerrarla sin coger nada.,I have never ever opened the fridge just to stare then closed it without taking anything.,Je n'ai jamais ouvert le frigo juste pour regarder et le refermer sans rien prendre.,Non ho mai aperto il frigo solo per guardare e richiuderlo senza prendere niente.,Ich habe noch nie den Kuehlschrank geoeffnet nur um reinzuschauen und ihn wieder zuzumachen.,Eu nunca nunca abri o frigorifico so para olhar e fechei sem tirar nada.,我从未打开冰箱看一眼又关上什么都不拿。
120,Yo nunca nunca se me ha caido el movil en la cara estando tumbado.,I have never ever dropped my phone on my face while lying in bed.,Je n'ai jamais laisse tomber mon telephone sur mon visage en etant couche.,Non ho mai fatto cadere il telefono sulla faccia mentre ero sdraiato.,Ich habe noch nie im Bett liegend mein Handy auf mein Gesicht fallen lassen.,Eu nunca nunca deixei cair o telemovel na cara estando deitado.,我从未躺着玩手机时让它砸到脸上。
121,Yo nunca nunca he hablado con mi mascota como si me entendiera.,I have never ever talked to my pet as if they understood me.,Je n'ai jamais parle a mon animal comme s'il me comprenait.,Non ho mai parlato con il mio animale come se mi capisse.,Ich habe noch nie mit meinem Haustier geredet als wuerde es mich verstehen.,Eu nunca nunca falei com o meu animal como se ele me entendesse.,我从未像和人说话一样跟宠物聊天。
122,Yo nunca nunca me he metido en la clase o sala equivocada.,I have never ever walked into the wrong classroom or room.,Je ne suis jamais entre dans la mauvaise salle de classe.,Non sono mai entrato nell'aula o stanza sbagliata.,Ich bin noch nie in den falschen Raum oder das falsche Klassenzimmer gegangen.,Eu nunca nunca entrei na sala errada.,我从未走错过教室或房间。
123,Yo nunca nunca he dicho adios y luego caminado en la misma direccion que la otra persona.,I have never ever said goodbye then walked in the same direction as the other person.,Je n'ai jamais dit au revoir puis marche dans la meme direction que l'autre personne.,Non ho mai detto ciao e poi camminato nella stessa direzione dell'altra persona.,Ich habe noch nie Tschuess gesagt und dann in die gleiche Richtung wie die andere Person gelaufen.,Eu nunca nunca disse adeus e depois andei na mesma direcao que a outra pessoa.,我从未说完再见后和对方走了同一个方向。
124,Yo nunca nunca he juzgado a alguien al instante por su gusto musical.,I have never ever instantly judged someone by their music taste.,Je n'ai jamais juge quelqu'un instantanement pour ses gouts musicaux.,Non ho mai giudicato qualcuno al volo per i suoi gusti musicali.,Ich habe noch nie jemanden sofort nach seinem Musikgeschmack beurteilt.,Eu nunca nunca julguei alguem instantaneamente pelo seu gosto musical.,我从未因为音乐品味而立刻对人下判断。
125,Yo nunca nunca he visto YouTube en vez de estudiar.,I have never ever watched YouTube instead of studying.,Je n'ai jamais regarde YouTube au lieu d'etudier.,Non ho mai guardato YouTube invece di studiare.,Ich habe noch nie YouTube geschaut anstatt zu lernen.,Eu nunca nunca vi YouTube em vez de estudar.,我从未看YouTube代替学习。
126,Yo nunca nunca he usado Wikipedia como fuente principal de un trabajo.,I have never ever used Wikipedia as my main source for a project.,Je n'ai jamais utilise Wikipedia comme source principale d'un travail.,Non ho mai usato Wikipedia come fonte principale di un lavoro.,Ich habe noch nie Wikipedia als Hauptquelle fuer eine Arbeit benutzt.,Eu nunca nunca usei a Wikipedia como fonte principal de um trabalho.,我从未把维基百科当作作业的主要资料来源。
127,Yo nunca nunca he fingido trabajar mientras estaba con el movil.,I have never ever pretended to work while actually on my phone.,Je n'ai jamais fait semblant de travailler en etant sur mon telephone.,Non ho mai finto di lavorare mentre in realta ero al telefono.,Ich habe noch nie so getan als wuerde ich arbeiten waehrend ich am Handy war.,Eu nunca nunca fingi trabalhar enquanto estava no telemovel.,我从未假装在工作其实在玩手机。
128,Yo nunca nunca me he aprendido un dato random solo para parecer listo.,I have never ever memorized a random fact just to seem smart.,Je n'ai jamais appris un fait random juste pour paraitre intelligent.,Non ho mai memorizzato un fatto a caso solo per sembrare intelligente.,Ich habe noch nie einen zufaelligen Fakt auswendig gelernt nur um schlau zu wirken.,Eu nunca nunca decorei um facto aleatorio so para parecer inteligente.,我从未为了显得聪明而特意记一个冷知识。
129,Yo nunca nunca he llevado ropa incomoda solo porque quedaba bien.,I have never ever worn uncomfortable clothes just because they looked good.,Je n'ai jamais porte des vetements inconfortables juste parce qu'ils etaient beaux.,Non ho mai indossato vestiti scomodi solo perche stavano bene.,Ich habe noch nie unbequeme Kleidung getragen nur weil sie gut aussah.,Eu nunca nunca usei roupa desconfortavel so porque ficava bem.,我从未穿过好看但不舒服的衣服。
130,Yo nunca nunca he mantenido una conversacion entera solo con memes.,I have never ever had a full conversation using only memes.,Je n'ai jamais eu une conversation entiere uniquement avec des memes.,Non ho mai avuto una conversazione intera solo con meme.,Ich habe noch nie ein ganzes Gespraech nur mit Memes gefuehrt.,Eu nunca nunca tive uma conversa inteira so com memes.,我从未只用表情包完成一整段对话。
131,Yo nunca nunca he enviado un mensaje hablando de alguien a esa misma persona.,I have never ever sent a message about someone to that same person by mistake.,Je n'ai jamais envoye un message parlant de quelqu'un a cette meme personne.,Non ho mai mandato un messaggio su qualcuno proprio a quella persona.,Ich habe noch nie eine Nachricht ueber jemanden genau an diese Person geschickt.,Eu nunca nunca enviei uma mensagem sobre alguem a essa mesma pessoa.,我从未把议论某人的消息误发给了本人。
132,Yo nunca nunca he ensayado un discurso de aceptacion de un premio imaginario.,I have never ever practiced an acceptance speech for an imaginary award.,Je n'ai jamais repete un discours d'acceptation pour un prix imaginaire.,Non ho mai provato un discorso di ringraziamento per un premio immaginario.,Ich habe noch nie eine Dankesrede fuer einen imaginaeren Preis geuebt.,Eu nunca nunca ensaiei um discurso de aceitacao de um premio imaginario.,我从未练习过虚构的获奖感言。
133,Yo nunca nunca he fingido teclear en el ordenador para parecer ocupado.,I have never ever pretended to type on my computer to look busy.,Je n'ai jamais fait semblant de taper sur mon ordinateur pour paraitre occupe.,Non ho mai finto di scrivere al computer per sembrare occupato.,Ich habe noch nie so getan als wuerde ich am Computer tippen um beschaeftigt zu wirken.,Eu nunca nunca fingi escrever no computador para parecer ocupado.,我从未假装在电脑上打字来显得很忙。
134,Yo nunca nunca he mentido sobre haber leido un libro.,I have never ever lied about having read a book.,Je n'ai jamais menti sur le fait d'avoir lu un livre.,Non ho mai mentito sull'aver letto un libro.,Ich habe noch nie darueber gelogen ein Buch gelesen zu haben.,Eu nunca nunca menti sobre ter lido um livro.,我从未谎称自己读过某本书。
135,Yo nunca nunca he cenado cereales.,I have never ever had cereal for dinner.,Je n'ai jamais mange des cereales pour le diner.,Non ho mai cenato con i cereali.,Ich habe noch nie Cornflakes zum Abendessen gegessen.,Eu nunca nunca jantei cereais.,我从未拿谷物当晚餐。
136,Yo nunca nunca he dicho solo un episodio mas y luego he visto cinco.,I have never ever said just one more episode and then watched five.,Je n'ai jamais dit juste un episode de plus et en ai regarde cinq.,Non ho mai detto solo un altro episodio e poi ne ho guardati cinque.,Ich habe noch nie nur noch eine Folge gesagt und dann fuenf geschaut.,Eu nunca nunca disse so mais um episodio e depois vi cinco.,我从未说了只看一集结果看了五集。
137,Yo nunca nunca he tenido una idea genial en la ducha y luego se me ha olvidado.,I have never ever had a genius idea in the shower and then forgotten it.,Je n'ai jamais eu une idee geniale sous la douche et l'ai ensuite oubliee.,Non ho mai avuto un'idea geniale sotto la doccia e poi dimenticata.,Ich habe noch nie eine geniale Idee unter der Dusche gehabt und sie dann vergessen.,Eu nunca nunca tive uma ideia genial no duche e depois esqueci.,我从未在淋浴时想到绝妙点子然后就忘了。
138,Yo nunca nunca me he reido de mi propio chiste antes que los demas.,I have never ever laughed at my own joke before anyone else did.,Je n'ai jamais ri a ma propre blague avant tout le monde.,Non ho mai riso alla mia battuta prima di tutti gli altri.,Ich habe noch nie ueber meinen eigenen Witz gelacht bevor es jemand anderes tat.,Eu nunca nunca me ri da minha propria piada antes dos outros.,我从未在别人笑之前先被自己的笑话逗笑。
139,Yo nunca nunca he llorado porque se me cayo la comida al suelo.,I have never ever cried because I dropped my food on the floor.,Je n'ai jamais pleure parce que j'ai fait tomber ma nourriture par terre.,Non ho mai pianto perche mi e caduto il cibo per terra.,Ich habe noch nie geweint weil mir das Essen auf den Boden gefallen ist.,Eu nunca nunca chorei porque me caiu a comida ao chao.,我从未因为食物掉到地上而哭。
140,Yo nunca nunca he pedido comida a domicilio de un restaurante que estaba al lado.,I have never ever ordered delivery from a restaurant within walking distance.,Je n'ai jamais commande a livrer d'un restaurant qui etait juste a cote.,Non ho mai ordinato a domicilio da un ristorante che era a due passi.,Ich habe noch nie bei einem Restaurant bestellt das direkt nebenan war.,Eu nunca nunca pedi comida ao domicilio de um restaurante que era ali ao lado.,我从未点过走几步就到的餐厅的外卖。
141,Yo nunca nunca he dado un nombre falso al pedir un cafe.,I have never ever given a fake name when ordering a coffee.,Je n'ai jamais donne un faux nom en commandant un cafe.,Non ho mai dato un nome falso ordinando un caffe.,Ich habe noch nie beim Kaffeebestellen einen falschen Namen angegeben.,Eu nunca nunca dei um nome falso ao pedir um cafe.,我从未点咖啡时报过假名字。
142,Yo nunca nunca he pospuesto la alarma mas de cinco veces seguidas.,I have never ever snoozed my alarm more than five times in a row.,Je n'ai jamais reporte mon alarme plus de cinq fois de suite.,Non ho mai posticipato la sveglia piu di cinque volte di seguito.,Ich habe noch nie meinen Wecker mehr als fuenfmal hintereinander auf Schlummern gedrueckt.,Eu nunca nunca adiei o alarme mais de cinco vezes seguidas.,我从未连续按掉闹钟超过五次。
143,Yo nunca nunca he entrado en una habitacion y olvidado a que iba.,I have never ever walked into a room and forgotten why I went there.,Je ne suis jamais entre dans une piece en oubliant pourquoi j'y allais.,Non sono mai entrato in una stanza dimenticando perche ci ero andato.,Ich bin noch nie in einen Raum gegangen und habe vergessen warum.,Eu nunca nunca entrei num quarto e esqueci o que ia la fazer.,我从未走进房间就忘了自己要做什么。
144,Yo nunca nunca he fingido conocer una cancion que todos cantaban.,I have never ever pretended to know a song everyone was singing.,Je n'ai jamais fait semblant de connaitre une chanson que tout le monde chantait.,Non ho mai finto di conoscere una canzone che tutti cantavano.,Ich habe noch nie so getan als wuerde ich ein Lied kennen das alle gesungen haben.,Eu nunca nunca fingi conhecer uma musica que todos cantavam.,我从未假装认识大家都在唱的歌。
145,Yo nunca nunca he pedido un deseo a las 11:11.,I have never ever made a wish at 11:11.,Je n'ai jamais fait un voeu a 11h11.,Non ho mai espresso un desiderio alle 11:11.,Ich habe noch nie um 11:11 mir etwas gewuenscht.,Eu nunca nunca pedi um desejo as 11:11.,我从未在11点11分许过愿。
146,Yo nunca nunca he dicho que iba a ir al gimnasio y al final no fui.,I have never ever said I would go to the gym and then never went.,Je n'ai jamais dit que j'allais a la salle de sport et finalement n'y suis pas alle.,Non ho mai detto che sarei andato in palestra e alla fine non ci sono andato.,Ich habe noch nie gesagt ich gehe ins Fitnessstudio und bin dann doch nicht gegangen.,Eu nunca nunca disse que ia ao ginasio e no fim nao fui.,我从未说要去健身房结果没去。
147,Yo nunca nunca he intentado abrir un coche que no era el mio.,I have never ever tried to unlock a car that wasn't mine.,Je n'ai jamais essaye d'ouvrir une voiture qui n'etait pas la mienne.,Non ho mai provato ad aprire una macchina che non era la mia.,Ich habe noch nie versucht ein Auto aufzuschliessen das nicht meins war.,Eu nunca nunca tentei abrir um carro que nao era o meu.,我从未试图打开一辆不是自己的车。
148,Yo nunca nunca he llevado gafas de sol en interior para parecer cool.,I have never ever worn sunglasses indoors just to look cool.,Je n'ai jamais porte des lunettes de soleil a l'interieur pour avoir l'air cool.,Non ho mai indossato occhiali da sole al chiuso per sembrare figo.,Ich habe noch nie drinnen eine Sonnenbrille getragen nur um cool zu wirken.,Eu nunca nunca usei oculos de sol em interior para parecer fixe.,我从未在室内戴墨镜装酷。
149,Yo nunca nunca he pasado mas de dos horas seguidas viendo TikTok o Reels.,I have never ever spent more than two hours straight on TikTok or Reels.,Je n'ai jamais passe plus de deux heures d'affilee sur TikTok ou Reels.,Non ho mai passato piu di due ore di fila su TikTok o Reels.,Ich habe noch nie mehr als zwei Stunden am Stueck TikTok oder Reels geschaut.,Eu nunca nunca passei mais de duas horas seguidas no TikTok ou Reels.,我从未连续刷TikTok或Reels超过两小时。
150,Yo nunca nunca he fingido leer el menu cuando ya sabia lo que iba a pedir.,I have never ever pretended to read the menu when I already knew what I'd order.,Je n'ai jamais fait semblant de lire le menu alors que je savais deja ce que j'allais commander.,Non ho mai finto di leggere il menu quando sapevo gia cosa ordinare.,Ich habe noch nie so getan als wuerde ich die Speisekarte lesen obwohl ich schon wusste was ich bestelle.,Eu nunca nunca fingi ler o menu quando ja sabia o que ia pedir.,我从未假装看菜单其实早就想好要点什么。
151,Yo nunca nunca he hecho un test online para saber que personaje soy.,I have never ever taken an online quiz to find out which character I am.,Je n'ai jamais fait un quiz en ligne pour savoir quel personnage je suis.,Non ho mai fatto un quiz online per scoprire quale personaggio sono.,Ich habe noch nie ein Online-Quiz gemacht um herauszufinden welche Figur ich bin.,Eu nunca nunca fiz um teste online para saber que personagem sou.,我从未做过网络测试看自己是哪个角色。
152,Yo nunca nunca he caminado en la direccion equivocada y fingido mirar el movil para dar la vuelta.,I have never ever walked the wrong way then pretended to check my phone to turn around.,Je n'ai jamais marche dans la mauvaise direction et fait semblant de regarder mon telephone pour faire demi-tour.,Non ho mai camminato nella direzione sbagliata fingendo di guardare il telefono per tornare indietro.,Ich bin noch nie in die falsche Richtung gelaufen und habe dann so getan als wuerde ich mein Handy checken um umzudrehen.,Eu nunca nunca andei na direcao errada e fingi olhar o telemovel para dar a volta.,我从未走错方向后假装看手机然后转身。
153,Yo nunca nunca he escrito jaja en un mensaje sin estar riendome.,I have never ever typed lol in a message without actually laughing.,Je n'ai jamais ecrit mdr dans un message sans vraiment rire.,Non ho mai scritto ahaha in un messaggio senza ridere davvero.,Ich habe noch nie haha in eine Nachricht geschrieben ohne wirklich zu lachen.,Eu nunca nunca escrevi haha numa mensagem sem estar a rir.,我从未在没笑的时候打出哈哈。
154,Yo nunca nunca le he dado like a mi propia publicacion por error.,I have never ever accidentally liked my own post.,Je n'ai jamais aime ma propre publication par erreur.,Non ho mai messo like al mio stesso post per errore.,Ich habe noch nie versehentlich meinen eigenen Beitrag geliked.,Eu nunca nunca dei like na minha propria publicacao por engano.,我从未不小心给自己的帖子点赞。
155,Yo nunca nunca he dicho nos vemos pronto sabiendo que no seria pronto.,I have never ever said see you soon knowing it wouldn't be soon.,Je n'ai jamais dit a bientot en sachant que ce ne serait pas bientot.,Non ho mai detto ci vediamo presto sapendo che non sarebbe stato presto.,Ich habe noch nie bis bald gesagt obwohl ich wusste dass es nicht bald sein wuerde.,Eu nunca nunca disse vemo-nos em breve sabendo que nao seria em breve.,我从未说回头见但心知不会很快再见。
156,Yo nunca nunca he seguido pagando una suscripcion que habia olvidado.,I have never ever kept paying for a subscription I had forgotten about.,Je n'ai jamais continue a payer un abonnement que j'avais oublie.,Non ho mai continuato a pagare un abbonamento che avevo dimenticato.,Ich habe noch nie weiter fuer ein Abo bezahlt das ich vergessen hatte.,Eu nunca nunca continuei a pagar uma subscricao que tinha esquecido.,我从未一直在为忘掉的订阅付费。
157,Yo nunca nunca he usado el cargador de otra persona sin pedirlo.,I have never ever used someone else's charger without asking.,Je n'ai jamais utilise le chargeur de quelqu'un sans le demander.,Non ho mai usato il caricatore di qualcun altro senza chiedere.,Ich habe noch nie das Ladegeraet einer anderen Person benutzt ohne zu fragen.,Eu nunca nunca usei o carregador de outra pessoa sem pedir.,我从未没打招呼就用了别人的充电器。
158,Yo nunca nunca me he puesto auriculares sin musica para que no me hablen.,I have never ever put on headphones with no music just to avoid people talking to me.,Je n'ai jamais mis des ecouteurs sans musique juste pour qu'on ne me parle pas.,Non ho mai messo le cuffie senza musica per evitare che mi parlassero.,Ich habe noch nie Kopfhoerer ohne Musik aufgesetzt nur damit mich niemand anspricht.,Eu nunca nunca pus auriculares sem musica para que nao me falem.,我从未戴着没放音乐的耳机来避免别人跟我说话。
159,Yo nunca nunca he hecho planes esperando que la otra persona cancelara.,I have never ever made plans hoping the other person would cancel.,Je n'ai jamais fait des plans en esperant que l'autre personne annulerait.,Non ho mai fatto piani sperando che l'altra persona annullasse.,Ich habe noch nie Plaene gemacht in der Hoffnung dass die andere Person absagt.,Eu nunca nunca fiz planos a esperar que a outra pessoa cancelasse.,我从未答应了约会却希望对方取消。
160,Yo nunca nunca he usado la calculadora para una cuenta muy facil.,I have never ever used a calculator for very simple math.,Je n'ai jamais utilise la calculatrice pour un calcul tres simple.,Non ho mai usato la calcolatrice per un conto semplicissimo.,Ich habe noch nie den Taschenrechner fuer eine ganz einfache Rechnung benutzt.,Eu nunca nunca usei a calculadora para uma conta muito facil.,我从未为了很简单的计算而动用计算器。
161,Yo nunca nunca he cogido el ascensor para subir solo un piso.,I have never ever taken the elevator for just one floor.,Je n'ai jamais pris l'ascenseur pour monter un seul etage.,Non ho mai preso l'ascensore per salire un solo piano.,Ich habe noch nie den Aufzug fuer nur ein Stockwerk genommen.,Eu nunca nunca apanhei o elevador para subir so um andar.,我从未只为了上一层楼就坐电梯。
162,Yo nunca nunca he ensayado una llamada antes de hacerla.,I have never ever rehearsed a phone call before making it.,Je n'ai jamais repete un appel telephonique avant de le passer.,Non ho mai provato una telefonata prima di farla.,Ich habe noch nie einen Anruf geuebt bevor ich ihn getaetigt habe.,Eu nunca nunca ensaiei uma chamada antes de a fazer.,我从未在打电话之前先排练一遍。
163,Yo nunca nunca he olvidado mi contrasena justo despues de crearla.,I have never ever forgotten my password right after creating it.,Je n'ai jamais oublie mon mot de passe juste apres l'avoir cree.,Non ho mai dimenticato la mia password subito dopo averla creata.,Ich habe noch nie mein Passwort vergessen direkt nachdem ich es erstellt habe.,Eu nunca nunca esqueci a minha palavra-passe logo depois de a criar.,我从未创建密码后马上就忘了。
164,Yo nunca nunca he terminado un snack y querido mas inmediatamente.,I have never ever finished a snack and immediately wanted more.,Je n'ai jamais fini un snack et immediatement voulu en reprendre.,Non ho mai finito uno snack e subito voluto di piu.,Ich habe noch nie einen Snack aufgegessen und sofort mehr gewollt.,Eu nunca nunca acabei um snack e quis mais imediatamente.,我从未吃完零食后立刻又想吃。
165,Yo nunca nunca he sujetado la puerta a alguien que estaba demasiado lejos.,I have never ever held the door for someone who was too far away.,Je n'ai jamais tenu la porte a quelqu'un qui etait trop loin.,Non ho mai tenuto la porta a qualcuno che era troppo lontano.,Ich habe noch nie jemandem die Tuer aufgehalten der viel zu weit weg war.,Eu nunca nunca segurei a porta a alguem que estava longe demais.,我从未给离得太远的人扶着门。
166,Yo nunca nunca he fingido entender unas indicaciones y luego las he buscado en Google.,I have never ever pretended to understand directions and then googled them.,Je n'ai jamais fait semblant de comprendre des indications et les ai cherchees sur Google.,Non ho mai finto di capire le indicazioni e poi le ho cercate su Google.,Ich habe noch nie so getan als haette ich den Weg verstanden und ihn dann gegoogelt.,Eu nunca nunca fingi perceber indicacoes e depois procurei no Google.,我从未假装听懂了路线然后偷偷去查地图。
167,Yo nunca nunca me he comido lo ultimo de algo y he dicho que yo no fui.,I have never ever eaten the last of something and denied it.,Je n'ai jamais mange la derniere portion de quelque chose et nie l'avoir fait.,Non ho mai mangiato l'ultima porzione di qualcosa e negato di averlo fatto.,Ich habe noch nie den letzten Rest von etwas gegessen und es abgestritten.,Eu nunca nunca comi a ultima porcao de algo e neguei.,我从未吃光了某样东西还矢口否认。
168,Yo nunca nunca le he hablado a una planta.,I have never ever talked to a plant.,Je n'ai jamais parle a une plante.,Non ho mai parlato a una pianta.,Ich habe noch nie mit einer Pflanze geredet.,Eu nunca nunca falei com uma planta.,我从未跟植物说过话。
169,Yo nunca nunca he dicho es el ultimo y luego he repetido.,I have never ever said it's the last one and then had another.,Je n'ai jamais dit c'est le dernier et en ai repris un.,Non ho mai detto e l'ultimo e poi ne ho preso un altro.,Ich habe noch nie das ist das Letzte gesagt und dann nochmal zugelangt.,Eu nunca nunca disse e o ultimo e depois repeti.,我从未说这是最后一个然后又来一个。
170,Yo nunca nunca he tenido una cancion pegada en la cabeza durante dias.,I have never ever had a song stuck in my head for days.,Je n'ai jamais eu une chanson coincee dans la tete pendant des jours.,Non ho mai avuto una canzone in testa per giorni.,Ich hatte noch nie tagelang einen Ohrwurm.,Eu nunca nunca tive uma musica presa na cabeca durante dias.,我从未有一首歌在脑海里循环好几天。
171,Yo nunca nunca he apagado la camara y dicho que no me funcionaba en una videollamada.,I have never ever turned off my camera and claimed it wasn't working on a video call.,Je n'ai jamais eteint ma camera en pretextant qu'elle ne marchait pas en visio.,Non ho mai spento la fotocamera dicendo che non funzionava in una videochiamata.,Ich habe noch nie meine Kamera ausgeschaltet und behauptet sie funktioniere nicht bei einem Videocall.,Eu nunca nunca desliguei a camara e disse que nao funcionava numa videochamada.,我从未关掉摄像头然后说它坏了。
172,Yo nunca nunca me he quedado mirando mi propio reflejo en un escaparate.,I have never ever gotten distracted by my own reflection in a shop window.,Je ne me suis jamais laisse distraire par mon propre reflet dans une vitrine.,Non mi sono mai distratto guardando il mio riflesso in una vetrina.,Ich wurde noch nie von meiner eigenen Spiegelung in einem Schaufenster abgelenkt.,Eu nunca nunca me distrai a olhar o meu reflexo numa montra.,我从未被橱窗里自己的倒影吸引了注意力。
173,Yo nunca nunca he saludado a alguien que en realidad estaba saludando al de detras.,I have never ever waved at someone who was actually waving at the person behind me.,Je n'ai jamais salue quelqu'un qui saluait en fait la personne derriere moi.,Non ho mai salutato qualcuno che in realta stava salutando la persona dietro di me.,Ich habe noch nie jemandem zugewinkt der eigentlich der Person hinter mir zugewinkt hat.,Eu nunca nunca acenei a alguem que na verdade acenava para a pessoa atras de mim.,我从未向其实在跟我身后的人打招呼的人挥手。
174,Yo nunca nunca he abierto un mensaje y olvidado contestar durante dias.,I have never ever opened a message and forgotten to reply for days.,Je n'ai jamais ouvert un message et oublie de repondre pendant des jours.,Non ho mai aperto un messaggio e dimenticato di rispondere per giorni.,Ich habe noch nie eine Nachricht geoeffnet und tagelang vergessen zu antworten.,Eu nunca nunca abri uma mensagem e esqueci de responder durante dias.,我从未打开消息后忘记回复好几天。
175,Yo nunca nunca he dicho que salia en cinco minutos y tardado media hora.,I have never ever said I was leaving in five minutes but took half an hour.,Je n'ai jamais dit que je partais dans cinq minutes et mis une demi-heure.,Non ho mai detto che uscivo tra cinque minuti e ci ho messo mezz'ora.,Ich habe noch nie gesagt ich gehe in fuenf Minuten und habe dann eine halbe Stunde gebraucht.,Eu nunca nunca disse que saia em cinco minutos e demorei meia hora.,我从未说五分钟就走结果拖了半小时。
176,Yo nunca nunca me he probado ropa sin intencion de comprarla.,I have never ever tried on clothes with no intention of buying them.,Je n'ai jamais essaye des vetements sans intention de les acheter.,Non ho mai provato vestiti senza intenzione di comprarli.,Ich habe noch nie Kleidung anprobiert ohne die Absicht sie zu kaufen.,Eu nunca nunca provei roupa sem intencao de a comprar.,我从未试穿了衣服却根本没打算买。
177,Yo nunca nunca he procrastinado algo facil durante demasiado tiempo.,I have never ever procrastinated on something easy for way too long.,Je n'ai jamais procrastine quelque chose de facile pendant trop longtemps.,Non ho mai procrastinato qualcosa di facile per troppo tempo.,Ich habe noch nie etwas Einfaches viel zu lange aufgeschoben.,Eu nunca nunca procrastinei algo facil durante tempo demais.,我从未把一件简单的事拖了很久。
178,Yo nunca nunca me he despertado asustado en mi dia libre pensando que llegaba tarde.,I have never ever woken up panicking on my day off thinking I was late.,Je ne me suis jamais reveille en panique un jour de repos en pensant etre en retard.,Non mi sono mai svegliato in panico nel mio giorno libero pensando di essere in ritardo.,Ich bin noch nie an meinem freien Tag panisch aufgewacht und dachte ich kaeme zu spaet.,Eu nunca nunca acordei assustado no meu dia de folga a pensar que estava atrasado.,我从未在休息日惊醒以为自己迟到了。
179,Yo nunca nunca le he dicho feliz cumpleanos a la persona equivocada.,I have never ever said happy birthday to the wrong person.,Je n'ai jamais dit joyeux anniversaire a la mauvaise personne.,Non ho mai detto buon compleanno alla persona sbagliata.,Ich habe noch nie der falschen Person alles Gute zum Geburtstag gesagt.,Eu nunca nunca disse feliz aniversario a pessoa errada.,我从未对错误的人说生日快乐。
180,Yo nunca nunca he empujado una puerta que decia tirar.,I have never ever pushed a door that said pull.,Je n'ai jamais pousse une porte qui disait tirer.,Non ho mai spinto una porta che diceva tirare.,Ich habe noch nie eine Tuer geschoben auf der Ziehen stand.,Eu nunca nunca empurrei uma porta que dizia puxar.,我从未推过写着拉的门。
181,Yo nunca nunca he stalkeado la lista de seguidos de alguien en redes.,I have never ever stalked someone's following list on social media.,Je n'ai jamais stalke la liste d'abonnements de quelqu'un sur les reseaux.,Non ho mai stalkerato la lista dei seguiti di qualcuno sui social.,Ich habe noch nie jemandes Folge-Liste in sozialen Medien durchsucht.,Eu nunca nunca stalkei a lista de seguidos de alguem nas redes.,我从未在社交媒体上翻看过别人的关注列表。
182,Yo nunca nunca he fingido no haber visto una serie para evitar spoilers.,I have never ever pretended I hadn't watched a show to avoid giving spoilers.,Je n'ai jamais fait semblant de ne pas avoir vu une serie pour eviter les spoilers.,Non ho mai finto di non aver visto una serie per evitare spoiler.,Ich habe noch nie so getan als haette ich eine Serie nicht gesehen um Spoiler zu vermeiden.,Eu nunca nunca fingi nao ter visto uma serie para evitar spoilers.,我从未假装没看过一部剧来躲避剧透。
183,Yo nunca nunca he visto un tutorial y seguido sin saber hacerlo.,I have never ever watched a tutorial and still not known how to do it.,Je n'ai jamais regarde un tutoriel sans toujours savoir comment faire apres.,Non ho mai guardato un tutorial e continuato a non saper farlo.,Ich habe noch nie ein Tutorial geschaut und es danach trotzdem nicht gekonnt.,Eu nunca nunca vi um tutorial e mesmo assim nao soube fazer.,我从未看完教程后还是不会做。
184,Yo nunca nunca he grabado una nota de voz varias veces hasta que quedara bien.,I have never ever recorded a voice note multiple times to get it right.,Je n'ai jamais enregistre un vocal plusieurs fois pour qu'il soit parfait.,Non ho mai registrato un vocale piu volte finche non era perfetto.,Ich habe noch nie eine Sprachnachricht mehrmals aufgenommen bis sie perfekt war.,Eu nunca nunca gravei uma nota de voz varias vezes ate ficar bem.,我从未为了录好一条语音而反复重录。
185,Yo nunca nunca he fingido hablar por telefono para evitar a un vendedor.,I have never ever pretended to be on the phone to avoid a salesperson.,Je n'ai jamais fait semblant de telephoner pour eviter un vendeur.,Non ho mai finto di telefonare per evitare un venditore.,Ich habe noch nie so getan als wuerde ich telefonieren um einem Verkaeufer auszuweichen.,Eu nunca nunca fingi estar ao telefone para evitar um vendedor.,我从未假装打电话来躲避推销员。
186,Yo nunca nunca he tomado un atajo que al final me hizo tardar mas.,I have never ever taken a shortcut that ended up taking longer.,Je n'ai jamais pris un raccourci qui m'a finalement pris plus de temps.,Non ho mai preso una scorciatoia che alla fine mi ha fatto impiegare piu tempo.,Ich habe noch nie eine Abkuerzung genommen die am Ende laenger gedauert hat.,Eu nunca nunca peguei um atalho que acabou por demorar mais.,我从未走过一条反而更远的捷径。
187,Yo nunca nunca he dicho me voy a acordar y lo he olvidado al instante.,I have never ever said I'll remember this and immediately forgotten it.,Je n'ai jamais dit je vais m'en souvenir et l'ai oublie immediatement.,Non ho mai detto me lo ricordo e poi dimenticato all'istante.,Ich habe noch nie gesagt das merke ich mir und es dann sofort vergessen.,Eu nunca nunca disse vou-me lembrar e esqueci no instante.,我从未说了我会记住的然后秒忘。
188,Yo nunca nunca he tenido un sueno tan real que tuve que comprobar si habia pasado.,I have never ever had a dream so real I had to check if it actually happened.,Je n'ai jamais fait un reve si reel que j'ai du verifier s'il s'etait vraiment passe.,Non ho mai fatto un sogno cosi reale da dover controllare se fosse successo davvero.,Ich hatte noch nie einen Traum der so real war dass ich pruefen musste ob es wirklich passiert ist.,Eu nunca nunca tive um sonho tao real que tive de verificar se aconteceu mesmo.,我从未做过真实到需要确认是否发生过的梦。
189,Yo nunca nunca me he quedado en blanco en medio de una conversacion y he fingido una reaccion.,I have never ever zoned out mid-conversation and faked a reaction.,Je n'ai jamais decroche au milieu d'une conversation et simule une reaction.,Non ho mai perso il filo di una conversazione e finto una reazione.,Ich habe noch nie mitten im Gespraech abgeschaltet und eine Reaktion vorgetaeuscht.,Eu nunca nunca me distrai a meio de uma conversa e fingi uma reacao.,我从未在聊天时走神然后假装做了个反应。
190,Yo nunca nunca he ensayado una discusion imaginaria en la ducha.,I have never ever rehearsed an imaginary argument in the shower.,Je n'ai jamais repete une dispute imaginaire sous la douche.,Non ho mai provato una discussione immaginaria sotto la doccia.,Ich habe noch nie unter der Dusche einen imaginaeren Streit durchgespielt.,Eu nunca nunca ensaiei uma discussao imaginaria no duche.,我从未在淋浴时排练过一场虚构的争吵。
191,Yo nunca nunca he escondido snacks de mi familia o companeros.,I have never ever hidden snacks from my family or roommates.,Je n'ai jamais cache des snacks de ma famille ou mes colocataires.,Non ho mai nascosto snack dalla mia famiglia o coinquilini.,Ich habe noch nie Snacks vor meiner Familie oder meinen Mitbewohnern versteckt.,Eu nunca nunca escondi snacks da minha familia ou colegas de casa.,我从未把零食藏起来不让家人或室友知道。
192,Yo nunca nunca he buscado en Google como se escribe una palabra muy basica.,I have never ever googled how to spell a very simple word.,Je n'ai jamais cherche sur Google comment ecrire un mot tres simple.,Non ho mai cercato su Google come si scrive una parola semplicissima.,Ich habe noch nie gegoogelt wie man ein ganz einfaches Wort schreibt.,Eu nunca nunca pesquisei como se escreve uma palavra muito simples.,我从未上网查过一个很简单的字怎么写。
193,Yo nunca nunca he visto el mismo video corto mas de diez veces.,I have never ever watched the same short video more than ten times.,Je n'ai jamais regarde la meme video courte plus de dix fois.,Non ho mai guardato lo stesso video breve piu di dieci volte.,Ich habe noch nie das gleiche Kurzvideo mehr als zehnmal angeschaut.,Eu nunca nunca vi o mesmo video curto mais de dez vezes.,我从未把同一个短视频看了十遍以上。
194,Yo nunca nunca he tenido una conversacion entera imaginaria con alguien.,I have never ever had a full imaginary conversation with someone.,Je n'ai jamais eu une conversation entiere imaginaire avec quelqu'un.,Non ho mai avuto una conversazione immaginaria completa con qualcuno.,Ich habe noch nie ein ganzes imaginaeres Gespraech mit jemandem gefuehrt.,Eu nunca nunca tive uma conversa inteira imaginaria com alguem.,我从未在脑海里跟某人完完整整地对话过。
195,Yo nunca nunca he desayunado pizza fria del dia anterior.,I have never ever eaten cold leftover pizza for breakfast.,Je n'ai jamais mange de la pizza froide de la veille au petit-dejeuner.,Non ho mai mangiato pizza fredda del giorno prima a colazione.,Ich habe noch nie kalte Pizza vom Vortag zum Fruehstueck gegessen.,Eu nunca nunca comi pizza fria do dia anterior ao pequeno-almoco.,我从未把前一天的冷披萨当早餐吃。
196,Yo nunca nunca he pasado tanto tiempo eligiendo que ver que al final no vi nada.,I have never ever spent so long choosing what to watch that I ended up watching nothing.,Je n'ai jamais passe autant de temps a choisir quoi regarder que j'ai fini par ne rien regarder.,Non ho mai passato cosi tanto tempo a scegliere cosa guardare da finire per non guardare niente.,Ich habe noch nie so lange ausgesucht was ich schauen soll dass ich am Ende gar nichts geschaut habe.,Eu nunca nunca passei tanto tempo a escolher o que ver que no fim nao vi nada.,我从未花了太久选看什么结果什么都没看。
197,Yo nunca nunca he aceptado dos planes diferentes para la misma hora.,I have never ever agreed to two different plans at the same time.,Je n'ai jamais accepte deux plans differents pour la meme heure.,Non ho mai accettato due piani diversi per lo stesso orario.,Ich habe noch nie zwei verschiedene Verabredungen fuer die gleiche Zeit zugesagt.,Eu nunca nunca aceitei dois planos diferentes para a mesma hora.,我从未同时答应了同一时间的两个约会。
198,Yo nunca nunca me he puesto calcetines que no hacian juego a proposito.,I have never ever worn mismatched socks on purpose.,Je n'ai jamais porte des chaussettes depareillees expres.,Non ho mai indossato calzini spaiati di proposito.,Ich habe noch nie absichtlich verschiedene Socken angezogen.,Eu nunca nunca usei meias que nao combinavam de proposito.,我从未故意穿两只不一样的袜子。
199,Yo nunca nunca he salido de casa y tenido que volver porque olvide algo.,I have never ever left the house and had to go back because I forgot something.,Je ne suis jamais sorti de chez moi et retourne parce que j'avais oublie quelque chose.,Non sono mai uscito di casa e dovuto tornare perche avevo dimenticato qualcosa.,Ich bin noch nie aus dem Haus gegangen und musste zurueck weil ich etwas vergessen hatte.,Eu nunca nunca sai de casa e tive de voltar porque esqueci algo.,我从未出了门又折回来因为忘带东西。
200,Yo nunca nunca he hablado durante una pelicula y me han mandado callar.,I have never ever talked during a movie and been told to be quiet.,Je n'ai jamais parle pendant un film et on m'a fait taire.,Non ho mai parlato durante un film e mi hanno zittito.,Ich habe noch nie waehrend eines Films geredet und wurde zum Schweigen aufgefordert.,Eu nunca nunca falei durante um filme e mandaram-me calar.,我从未在看电影时说话被人叫安静。
201,Yo nunca nunca he dicho yo nunca hago esto mientras lo estaba haciendo.,I have never ever said I never do this while doing exactly that.,Je n'ai jamais dit je ne fais jamais ca en le faisant exactement.,Non ho mai detto io non lo faccio mai mentre lo stavo facendo.,Ich habe noch nie gesagt ich mache das nie waehrend ich es gerade gemacht habe.,Eu nunca nunca disse eu nunca faco isto enquanto estava a faze-lo.,我从未一边做某事一边说我从来不这样。
202,Yo nunca nunca he usado la impresora del trabajo o la escuela para cosas personales.,I have never ever used the work or school printer for personal stuff.,Je n'ai jamais utilise l'imprimante du travail ou de l'ecole pour des choses personnelles.,Non ho mai usato la stampante del lavoro o della scuola per cose personali.,Ich habe noch nie den Drucker auf der Arbeit oder in der Schule fuer persoenliche Sachen benutzt.,Eu nunca nunca usei a impressora do trabalho ou escola para coisas pessoais.,我从未用过公司或学校的打印机打私人的东西。
203,Yo nunca nunca he visto una pelicula de terror solo y me he arrepentido.,I have never ever watched a horror movie alone and regretted it.,Je n'ai jamais regarde un film d'horreur seul et l'ai regrette.,Non ho mai guardato un film dell'orrore da solo e me ne sono pentito.,Ich habe noch nie einen Horrorfilm allein geschaut und es bereut.,Eu nunca nunca vi um filme de terror sozinho e me arrependi.,我从未独自看恐怖片然后后悔。
204,Yo nunca nunca he abierto una app y olvidado para que la abri.,I have never ever opened an app and forgotten why I opened it.,Je n'ai jamais ouvert une application et oublie pourquoi je l'avais ouverte.,Non ho mai aperto un'app e dimenticato perche l'avevo aperta.,Ich habe noch nie eine App geoeffnet und vergessen warum.,Eu nunca nunca abri uma app e esqueci para que a abri.,我从未打开一个应用然后忘了自己为什么打开它。
205,Yo nunca nunca he mentido sobre que me habia gustado la comida de un amigo.,I have never ever lied about liking a friend's cooking.,Je n'ai jamais menti en disant que j'aimais la cuisine d'un ami.,Non ho mai mentito dicendo che mi piaceva la cucina di un amico.,Ich habe noch nie gelogen dass mir das Essen eines Freundes geschmeckt hat.,Eu nunca nunca menti sobre gostar da comida de um amigo.,我从未撒谎说喜欢朋友做的菜。
206,Yo nunca nunca he tenido una discusion imaginaria en mi cabeza y la he ganado.,I have never ever had an imaginary argument in my head and totally won it.,Je n'ai jamais eu une dispute imaginaire dans ma tete et l'ai totalement gagnee.,Non ho mai avuto una discussione immaginaria nella mia testa e l'ho vinta.,Ich habe noch nie einen imaginaeren Streit in meinem Kopf gefuehrt und ihn gewonnen.,Eu nunca nunca tive uma discussao imaginaria na minha cabeca e ganhei.,我从未在脑海里跟人争论而且完胜。
207,Yo nunca nunca he mirado el movil como primera cosa al despertarme.,I have never ever checked my phone as the very first thing after waking up.,Je n'ai jamais regarde mon telephone comme premiere chose en me reveillant.,Non ho mai guardato il telefono come prima cosa appena sveglio.,Ich habe noch nie als allererstes nach dem Aufwachen auf mein Handy geschaut.,Eu nunca nunca olhei para o telemovel como a primeira coisa ao acordar.,我从未醒来第一件事就是看手机。
208,Yo nunca nunca he dicho tenemos que quedar sabiendo que no iba a pasar.,I have never ever said we should hang out knowing it wouldn't happen.,Je n'ai jamais dit on devrait se voir en sachant que ca n'arriverait pas.,Non ho mai detto dobbiamo vederci sapendo che non sarebbe successo.,Ich habe noch nie gesagt wir sollten uns treffen obwohl ich wusste dass es nicht passieren wuerde.,Eu nunca nunca disse temos de combinar sabendo que nao ia acontecer.,我从未说咱们得约一下但心知不会实现。
209,Yo nunca nunca he repetido un test de personalidad esperando otro resultado.,I have never ever retaken a personality test hoping for a different result.,Je n'ai jamais refait un test de personnalite en esperant un resultat different.,Non ho mai rifatto un test della personalita sperando in un risultato diverso.,Ich habe noch nie einen Persoenlichkeitstest wiederholt in der Hoffnung auf ein anderes Ergebnis.,Eu nunca nunca repeti um teste de personalidade a espera de outro resultado.,我从未重新做性格测试希望得到不同的结果。
210,Yo nunca nunca he reiniciado un video porque no estaba prestando atencion.,I have never ever restarted a video because I wasn't paying attention.,Je n'ai jamais relance une video parce que je ne faisais pas attention.,Non ho mai riavviato un video perche non stavo prestando attenzione.,Ich habe noch nie ein Video neugestartet weil ich nicht aufgepasst habe.,Eu nunca nunca reiniciei um video porque nao estava a prestar atencao.,我从未因为走神而把视频重新播放。
211,Yo nunca nunca me he asustado con mi propio reflejo.,I have never ever been scared by my own reflection.,Je n'ai jamais eu peur de mon propre reflet.,Non mi sono mai spaventato per il mio stesso riflesso.,Ich habe mich noch nie vor meiner eigenen Spiegelung erschreckt.,Eu nunca nunca me assustei com o meu proprio reflexo.,我从未被自己的倒影吓到。
212,Yo nunca nunca he llorado de tanto reirme.,I have never ever cried from laughing too hard.,Je n'ai jamais pleure a force de trop rire.,Non ho mai pianto dal troppo ridere.,Ich habe noch nie vor Lachen geweint.,Eu nunca nunca chorei de tanto rir.,我从未笑到流泪。
213,Yo nunca nunca he contado los likes de mi propia publicacion.,I have never ever counted the likes on my own post.,Je n'ai jamais compte les likes de ma propre publication.,Non ho mai contato i like del mio stesso post.,Ich habe noch nie die Likes meines eigenen Beitrags gezaehlt.,Eu nunca nunca contei os likes da minha propria publicacao.,我从未数过自己帖子的点赞数。
214,Yo nunca nunca he dicho algo que acababa de buscar en Google como si lo supiera de siempre.,I have never ever said something I just googled as if I always knew it.,Je n'ai jamais dit quelque chose que je venais de chercher sur Google comme si je le savais depuis toujours.,Non ho mai detto qualcosa che avevo appena cercato su Google come se lo sapessi da sempre.,Ich habe noch nie etwas gesagt das ich gerade gegoogelt hatte als haette ich es schon immer gewusst.,Eu nunca nunca disse algo que acabei de pesquisar como se soubesse desde sempre.,我从未把刚搜到的东西说得好像自己一直都知道。
215,Yo nunca nunca he contagiado una cancion pegadiza a todos por tararearla.,I have never ever gotten a catchy song stuck in everyone's head by humming it.,Je n'ai jamais mis une chanson dans la tete de tout le monde en la fredonnant.,Non ho mai attaccato una canzone orecchiabile a tutti canticchiandola.,Ich habe noch nie allen einen Ohrwurm verpasst indem ich ein Lied gesummt habe.,Eu nunca nunca peguei uma musica a todos por andarem a trautea-la.,我从未因为哼歌把一首洗脑曲传染给所有人。
216,Yo nunca nunca he respondido un mensaje usando solo el texto predictivo.,I have never ever replied to a message using only predictive text.,Je n'ai jamais repondu a un message en utilisant uniquement le texte predictif.,Non ho mai risposto a un messaggio usando solo il testo predittivo.,Ich habe noch nie auf eine Nachricht nur mit der Textvorschlag-Funktion geantwortet.,Eu nunca nunca respondi a uma mensagem usando apenas o texto preditivo.,我从未只靠预测文字来回复消息。
217,Yo nunca nunca he intentado silbar y me ha salido fatal.,I have never ever tried to whistle and completely failed.,Je n'ai jamais essaye de siffler et echoue totalement.,Non ho mai provato a fischiettare fallendo completamente.,Ich habe noch nie versucht zu pfeifen und dabei total versagt.,Eu nunca nunca tentei assobiar e falhei redondamente.,我从未想吹口哨结果完全吹不出来。
218,Yo nunca nunca he comido directamente de la olla o la sarten.,I have never ever eaten directly from the pot or pan.,Je n'ai jamais mange directement dans la casserole ou la poele.,Non ho mai mangiato direttamente dalla pentola o dalla padella.,Ich habe noch nie direkt aus dem Topf oder der Pfanne gegessen.,Eu nunca nunca comi diretamente da panela ou frigideira.,我从未直接从锅里吃东西。
219,Yo nunca nunca he puesto un temporizador para la comida y me he olvidado de ella.,I have never ever set a timer for food and completely forgotten about it.,Je n'ai jamais mis un minuteur pour la cuisine et completement oublie.,Non ho mai impostato un timer per il cibo e poi dimenticato tutto.,Ich habe noch nie einen Timer fuers Essen gestellt und es dann komplett vergessen.,Eu nunca nunca pus um temporizador para a comida e esqueci-me dela.,我从未给食物定了计时器然后完全忘掉。
220,Yo nunca nunca he fingido interes en las fotos de vacaciones de alguien.,I have never ever faked interest in someone's vacation photos.,Je n'ai jamais feint de m'interesser aux photos de vacances de quelqu'un.,Non ho mai finto interesse per le foto delle vacanze di qualcuno.,Ich habe noch nie Interesse an den Urlaubsfotos von jemandem vorgetaeuscht.,Eu nunca nunca fingi interesse nas fotos de ferias de alguem.,我从未假装对某人的度假照感兴趣。
221,Yo nunca nunca me he puesto una prenda del reves sin darme cuenta.,I have never ever worn a piece of clothing inside out without realizing.,Je n'ai jamais porte un vetement a l'envers sans m'en rendre compte.,Non ho mai indossato un capo al contrario senza rendermene conto.,Ich habe noch nie ein Kleidungsstueck auf links getragen ohne es zu merken.,Eu nunca nunca vesti uma peca de roupa do avesso sem dar conta.,我从未在不知情的情况下穿反了衣服。
222,Yo nunca nunca he fingido tener planes para rechazar una invitacion.,I have never ever pretended to have plans to decline an invitation.,Je n'ai jamais pretendu avoir des plans pour refuser une invitation.,Non ho mai finto di avere impegni per rifiutare un invito.,Ich habe noch nie so getan als haette ich schon Plaene um eine Einladung abzulehnen.,Eu nunca nunca fingi ter planos para recusar um convite.,我从未假装已经有安排来拒绝邀请。
223,Yo nunca nunca he contestado un mensaje de hace dias fingiendo que lo acababa de ver.,I have never ever replied to an old message pretending I just saw it.,Je n'ai jamais repondu a un vieux message en pretendant que je venais de le voir.,Non ho mai risposto a un vecchio messaggio fingendo di averlo appena visto.,Ich habe noch nie auf eine alte Nachricht geantwortet und so getan als haette ich sie gerade erst gesehen.,Eu nunca nunca respondi a uma mensagem antiga fingindo que a tinha acabado de ver.,我从未回复很久前的消息还装作刚看到。
224,Yo nunca nunca he gastado mas en gastos de envio que en la comida en si.,I have never ever spent more on delivery fees than on the food itself.,Je n'ai jamais depense plus en frais de livraison que pour la nourriture elle-meme.,Non ho mai speso piu di spedizione che per il cibo stesso.,Ich habe noch nie mehr fuer Liefergebuehren bezahlt als fuer das Essen selbst.,Eu nunca nunca gastei mais em taxas de entrega do que na comida em si.,我从未花在外卖配送费上的钱比食物本身还多。
225,Yo nunca nunca he cantado una cancion con la letra completamente equivocada.,I have never ever sung along to a song with completely wrong lyrics.,Je n'ai jamais chante une chanson avec des paroles completement fausses.,Non ho mai cantato una canzone con le parole completamente sbagliate.,Ich habe noch nie ein Lied mit voellig falschem Text mitgesungen.,Eu nunca nunca cantei uma musica com a letra completamente errada.,我从未唱歌时把歌词唱得面目全非。
226,Yo nunca nunca he pasado por delante de un conocido y fingido no verlo.,I have never ever walked past someone I know and pretended not to see them.,Je n'ai jamais passe devant quelqu'un que je connais en faisant semblant de ne pas le voir.,Non ho mai superato qualcuno che conosco fingendo di non vederlo.,Ich bin noch nie an jemandem vorbeigegangen den ich kenne und habe so getan als haette ich ihn nicht gesehen.,Eu nunca nunca passei por alguem conhecido e fingi nao o ver.,我从未路过认识的人时假装没看见。
227,Yo nunca nunca me he llevado el paraguas de otra persona sin querer.,I have never ever accidentally taken someone else's umbrella.,Je n'ai jamais pris le parapluie de quelqu'un d'autre par accident.,Non ho mai preso l'ombrello di qualcun altro per sbaglio.,Ich habe noch nie versehentlich den Regenschirm von jemand anderem mitgenommen.,Eu nunca nunca levei o guarda-chuva de outra pessoa sem querer.,我从未不小心拿走了别人的伞。
228,Yo nunca nunca he dicho salud cuando nadie habia estornudado.,I have never ever said bless you when nobody had actually sneezed.,Je n'ai jamais dit a tes souhaits alors que personne n'avait eternue.,Non ho mai detto salute quando nessuno aveva starnutito.,Ich habe noch nie Gesundheit gesagt obwohl niemand geniest hatte.,Eu nunca nunca disse santinho quando ninguem tinha espirrado.,我从未在没人打喷嚏的时候说了保佑你。
229,Yo nunca nunca he llorado viendo un anuncio de television.,I have never ever cried watching a TV commercial.,Je n'ai jamais pleure en regardant une publicite a la television.,Non ho mai pianto guardando una pubblicita in televisione.,Ich habe noch nie bei einem Fernsehwerbespot geweint.,Eu nunca nunca chorei a ver um anuncio de televisao.,我从未看电视广告看哭过。
230,Yo nunca nunca he entrado en una telarana y me he puesto a gritar.,I have never ever walked into a spiderweb and freaked out.,Je ne suis jamais entre dans une toile d'araignee et panique.,Non sono mai entrato in una ragnatela e andato nel panico.,Ich bin noch nie in ein Spinnennetz gelaufen und habe ausgeflippt.,Eu nunca nunca entrei numa teia de aranha e entrei em panico.,我从未走进蜘蛛网然后吓得大叫。
231,Yo nunca nunca he fingido no estar perdido cuando estaba completamente perdido.,I have never ever pretended I wasn't lost when I was completely lost.,Je n'ai jamais fait semblant de ne pas etre perdu quand je l'etais completement.,Non ho mai finto di non essere perso quando lo ero completamente.,Ich habe noch nie so getan als waere ich nicht verloren obwohl ich voellig verloren war.,Eu nunca nunca fingi nao estar perdido quando estava completamente perdido.,我从未在完全迷路的时候假装自己没迷路。
232,Yo nunca nunca he leido un mensaje desde la notificacion para no dejar el visto.,I have never ever read a message from the notification to avoid the seen mark.,Je n'ai jamais lu un message depuis la notification pour eviter le vu.,Non ho mai letto un messaggio dalla notifica per evitare la spunta blu.,Ich habe noch nie eine Nachricht aus der Benachrichtigung gelesen um den Gelesen-Haken zu vermeiden.,Eu nunca nunca li uma mensagem pela notificacao para nao deixar o visto.,我从未通过通知栏偷看消息来避免显示已读。
233,Yo nunca nunca he mentido sobre cuanto tiempo se tarda en llegar a un sitio.,I have never ever lied about how long it takes to get somewhere.,Je n'ai jamais menti sur le temps necessaire pour arriver quelque part.,Non ho mai mentito su quanto tempo ci vuole per arrivare da qualche parte.,Ich habe noch nie darueber gelogen wie lange man zu einem Ort braucht.,Eu nunca nunca menti sobre quanto tempo se demora a chegar a algum sitio.,我从未在到某地要多久这件事上撒谎。
234,Yo nunca nunca he tenido una crisis existencial a las tres de la manana.,I have never ever had an existential crisis at three in the morning.,Je n'ai jamais eu une crise existentielle a trois heures du matin.,Non ho mai avuto una crisi esistenziale alle tre di notte.,Ich hatte noch nie um drei Uhr morgens eine existenzielle Krise.,Eu nunca nunca tive uma crise existencial as tres da manha.,我从未在凌晨三点陷入人生危机。
235,Yo nunca nunca he culpado al wifi cuando apague la camara en una videollamada.,I have never ever blamed the Wi-Fi when I turned off my camera on a video call.,Je n'ai jamais accuse le wifi quand j'ai eteint ma camera en visio.,Non ho mai dato la colpa al wifi quando ho spento la fotocamera in videochiamata.,Ich habe noch nie dem WLAN die Schuld gegeben als ich meine Kamera im Videocall ausgeschaltet habe.,Eu nunca nunca culpei o wifi quando desliguei a camara numa videochamada.,我从未在视频通话关摄像头时赖给网络不好。
236,Yo nunca nunca he fingido conocer a un famoso que alguien menciono.,I have never ever pretended to know a celebrity someone mentioned.,Je n'ai jamais fait semblant de connaitre une celebrite que quelqu'un a mentionnee.,Non ho mai finto di conoscere una celebrita menzionata da qualcuno.,Ich habe noch nie so getan als wuerde ich einen Prominenten kennen den jemand erwaehnt hat.,Eu nunca nunca fingi conhecer um famoso que alguem mencionou.,我从未假装认识别人提到的名人。
237,Yo nunca nunca he juzgado en silencio la ortografia de alguien.,I have never ever silently judged someone's spelling.,Je n'ai jamais juge en silence l'orthographe de quelqu'un.,Non ho mai giudicato in silenzio l'ortografia di qualcuno.,Ich habe noch nie im Stillen jemandes Rechtschreibung beurteilt.,Eu nunca nunca julguei em silencio a ortografia de alguem.,我从未默默吐槽过别人的拼写。
238,Yo nunca nunca he contestado con emojis porque no sabia que decir.,I have never ever responded with emojis because I didn't know what to say.,Je n'ai jamais repondu avec des emojis parce que je ne savais pas quoi dire.,Non ho mai risposto con emoji perche non sapevo cosa dire.,Ich habe noch nie mit Emojis geantwortet weil ich nicht wusste was ich sagen soll.,Eu nunca nunca respondi com emojis porque nao sabia o que dizer.,我从未因为不知道说什么而只回复表情包。
239,Yo nunca nunca le he hablado a un objeto cuando no funcionaba.,I have never ever talked to an object when it wasn't working.,Je n'ai jamais parle a un objet quand il ne fonctionnait pas.,Non ho mai parlato a un oggetto quando non funzionava.,Ich habe noch nie mit einem Gegenstand geredet wenn er nicht funktionierte.,Eu nunca nunca falei com um objeto quando nao funcionava.,我从未在东西坏了的时候对着它说话。
240,Yo nunca nunca he fingido hacer ejercicio cuando solo estaba sentado fuera.,I have never ever pretended to exercise when I was just sitting outside.,Je n'ai jamais fait semblant de faire du sport alors que j'etais juste assis dehors.,Non ho mai finto di fare esercizio quando ero solo seduto fuori.,Ich habe noch nie so getan als wuerde ich Sport machen obwohl ich nur draussen sass.,Eu nunca nunca fingi fazer exercicio quando so estava sentado la fora.,我从未假装在锻炼其实只是坐在外面。
241,Yo nunca nunca he empezado un hobby nuevo y lo he dejado en menos de una semana.,I have never ever started a new hobby and abandoned it within a week.,Je n'ai jamais commence un nouveau hobby et l'ai abandonne en moins d'une semaine.,Non ho mai iniziato un hobby nuovo e l'ho abbandonato in meno di una settimana.,Ich habe noch nie ein neues Hobby angefangen und es innerhalb einer Woche aufgegeben.,Eu nunca nunca comecei um hobby novo e desisti em menos de uma semana.,我从未开始一个新爱好不到一周就放弃了。
242,Yo nunca nunca he reinstalado una app que habia jurado borrar para siempre.,I have never ever re-downloaded an app I swore I'd delete forever.,Je n'ai jamais re-telecharge une application que j'avais jure de supprimer pour toujours.,Non ho mai riscaricato un'app che avevo giurato di cancellare per sempre.,Ich habe noch nie eine App erneut heruntergeladen die ich fuer immer loeschen wollte.,Eu nunca nunca reinstalei uma app que tinha jurado apagar para sempre.,我从未重新下载过发誓永远删除的应用。
243,Yo nunca nunca he pasado todo un dia laborable en pijama.,I have never ever spent an entire weekday in pajamas.,Je n'ai jamais passe une journee de semaine entiere en pyjama.,Non ho mai passato un'intera giornata feriale in pigiama.,Ich habe noch nie einen ganzen Werktag im Schlafanzug verbracht.,Eu nunca nunca passei um dia de semana inteiro de pijama.,我从未在工作日穿了一整天睡衣。
244,Yo nunca nunca he fingido leer algo para evitar el contacto visual.,I have never ever pretended to read something to avoid eye contact.,Je n'ai jamais fait semblant de lire quelque chose pour eviter le contact visuel.,Non ho mai finto di leggere qualcosa per evitare il contatto visivo.,Ich habe noch nie so getan als wuerde ich etwas lesen um Blickkontakt zu vermeiden.,Eu nunca nunca fingi ler algo para evitar o contacto visual.,我从未假装看东西来避免眼神接触。
245,Yo nunca nunca he dicho que estaba ocupado solo para quedarme en casa sin hacer nada.,I have never ever said I was busy just to stay home and do nothing.,Je n'ai jamais dit que j'etais occupe juste pour rester a la maison et ne rien faire.,Non ho mai detto di essere impegnato solo per restare a casa a far niente.,Ich habe noch nie gesagt ich sei beschaeftigt nur um zu Hause zu bleiben und nichts zu tun.,Eu nunca nunca disse que estava ocupado so para ficar em casa sem fazer nada.,我从未说自己很忙其实只想宅在家什么都不做。
246,Yo nunca nunca he sonado con el trabajo o los estudios y despertado estresado.,I have never ever dreamed about work or school and woken up stressed.,Je n'ai jamais reve du travail ou de l'ecole et me suis reveille stresse.,Non ho mai sognato il lavoro o la scuola e mi sono svegliato stressato.,Ich habe noch nie von der Arbeit oder Schule getraeumt und bin gestresst aufgewacht.,Eu nunca nunca sonhei com o trabalho ou estudos e acordei stressado.,我从未梦到工作或学习然后压力很大地醒来。
247,Yo nunca nunca he usado la calculadora del movil en una tienda para ver si me lo podia permitir.,I have never ever used the phone calculator in a store to check if I could afford something.,Je n'ai jamais utilise la calculatrice du telephone dans un magasin pour voir si je pouvais me le permettre.,Non ho mai usato la calcolatrice del telefono in un negozio per vedere se potevo permettermelo.,Ich habe noch nie im Laden den Handy-Taschenrechner benutzt um zu pruefen ob ich mir etwas leisten kann.,Eu nunca nunca usei a calculadora do telemovel numa loja para ver se podia pagar.,我从未在商店里用手机计算器算自己买不买得起。
248,Yo nunca nunca he fingido no escuchar algo vergonzoso que alguien dijo.,I have never ever pretended not to hear something embarrassing someone said.,Je n'ai jamais fait semblant de ne pas avoir entendu quelque chose de genant que quelqu'un a dit.,Non ho mai finto di non sentire qualcosa di imbarazzante che qualcuno ha detto.,Ich habe noch nie so getan als haette ich etwas Peinliches nicht gehoert das jemand gesagt hat.,Eu nunca nunca fingi nao ouvir algo embaracoso que alguem disse.,我从未假装没听到别人说的尴尬的话。
249,Yo nunca nunca me he comido una bolsa entera de patatas de una sentada.,I have never ever eaten an entire bag of chips in one sitting.,Je n'ai jamais mange un paquet entier de chips en une seule fois.,Non ho mai mangiato un intero pacchetto di patatine in una volta.,Ich habe noch nie eine ganze Tuete Chips auf einmal gegessen.,Eu nunca nunca comi um pacote inteiro de batatas de uma so vez.,我从未一口气吃完一整袋薯片。
250,Yo nunca nunca me he echado una siesta que duro mucho mas de lo planeado.,I have never ever taken a nap that lasted way longer than planned.,Je n'ai jamais fait une sieste qui a dure bien plus longtemps que prevu.,Non ho mai fatto un pisolino che e durato molto piu del previsto.,Ich habe noch nie ein Nickerchen gemacht das viel laenger dauerte als geplant.,Eu nunca nunca tirei uma sesta que durou muito mais do que o planeado.,我从未睡午觉一睡就远超计划时间。
251,Yo nunca nunca he fingido saber donde esta algo cuando no tenia ni idea.,I have never ever pretended to know where something was when I had no idea.,Je n'ai jamais fait semblant de savoir ou etait quelque chose alors que je n'en avais aucune idee.,Non ho mai finto di sapere dove fosse qualcosa quando non ne avevo la minima idea.,Ich habe noch nie so getan als wuesste ich wo etwas ist obwohl ich keine Ahnung hatte.,Eu nunca nunca fingi saber onde algo estava quando nao fazia ideia.,我从未假装知道东西在哪里其实完全不清楚。
252,Yo nunca nunca he dicho que estaba a dieta y luego comido comida basura ese mismo dia.,I have never ever said I was on a diet and then eaten junk food that same day.,Je n'ai jamais dit que j'etais au regime et mange de la malbouffe le meme jour.,Non ho mai detto di essere a dieta e poi mangiato cibo spazzatura lo stesso giorno.,Ich habe noch nie gesagt ich mache Diaet und dann am selben Tag Junk Food gegessen.,Eu nunca nunca disse que estava de dieta e depois comi porcaria no mesmo dia.,我从未说了在减肥同一天就吃了垃圾食品。
253,Yo nunca nunca he dado las gracias en voz alta al conductor del autobus.,I have never ever thanked the bus driver out loud.,Je n'ai jamais remercie le chauffeur de bus a voix haute.,Non ho mai ringraziato l'autista dell'autobus ad alta voce.,Ich habe noch nie dem Busfahrer laut gedankt.,Eu nunca nunca agradeci em voz alta ao motorista do autocarro.,我从未大声向公交司机道谢。
254,Yo nunca nunca he respondido a todos por error en un grupo o email.,I have never ever accidentally replied to everyone in a group chat or email.,Je n'ai jamais repondu a tous par erreur dans un groupe ou un email.,Non ho mai risposto a tutti per errore in un gruppo o email.,Ich habe noch nie versehentlich an alle in einer Gruppe oder Email geantwortet.,Eu nunca nunca respondi a todos por engano num grupo ou email.,我从未不小心在群聊或邮件里回复了所有人。
255,Yo nunca nunca he inventado una excusa para no prestar algo.,I have never ever made up an excuse not to lend something.,Je n'ai jamais invente une excuse pour ne pas preter quelque chose.,Non ho mai inventato una scusa per non prestare qualcosa.,Ich habe noch nie eine Ausrede erfunden um etwas nicht zu verleihen.,Eu nunca nunca inventei uma desculpa para nao emprestar algo.,我从未编造借口不借东西给人。
256,Yo nunca nunca he planeado un viaje que sabia que nunca haria.,I have never ever planned a trip I knew I would never take.,Je n'ai jamais planifie un voyage que je savais ne jamais faire.,Non ho mai pianificato un viaggio sapendo che non l'avrei mai fatto.,Ich habe noch nie eine Reise geplant von der ich wusste dass ich sie nie machen wuerde.,Eu nunca nunca planeei uma viagem que sabia que nunca faria.,我从未计划过一场明知不会去的旅行。
257,Yo nunca nunca he saludado a un desconocido pensando que era otra persona.,I have never ever waved at a stranger thinking they were someone I knew.,Je n'ai jamais salue un inconnu en pensant que c'etait quelqu'un que je connaissais.,Non ho mai salutato uno sconosciuto pensando fosse qualcuno che conoscevo.,Ich habe noch nie einen Fremden begruesst weil ich dachte es waere jemand den ich kenne.,Eu nunca nunca cumprimentei um desconhecido pensando que era outra pessoa.,我从未把陌生人当成认识的人打招呼。
258,Yo nunca nunca he dicho perdon cuando no era mi culpa.,I have never ever said sorry when it wasn't my fault.,Je n'ai jamais dit pardon alors que ce n'etait pas ma faute.,Non ho mai detto scusa quando non era colpa mia.,Ich habe noch nie Entschuldigung gesagt obwohl es nicht meine Schuld war.,Eu nunca nunca pedi desculpa quando nao era minha culpa.,我从未在不是自己错的时候说对不起。
259,Yo nunca nunca he cogido el movil y lo he soltado sin haber hecho nada.,I have never ever picked up my phone then put it right back down without doing anything.,Je n'ai jamais pris mon telephone et l'ai repose sans rien avoir fait.,Non ho mai preso il telefono e l'ho posato senza aver fatto niente.,Ich habe noch nie mein Handy in die Hand genommen und es sofort wieder abgelegt ohne irgendetwas zu tun.,Eu nunca nunca peguei no telemovel e larguei-o sem fazer nada.,我从未拿起手机又放下什么都没做。
260,Yo nunca nunca he dicho que me gustaba un conjunto para no herir sentimientos.,I have never ever said I liked an outfit just to avoid hurting someone's feelings.,Je n'ai jamais dit que j'aimais une tenue juste pour ne pas blesser quelqu'un.,Non ho mai detto che mi piaceva un vestito solo per non ferire i sentimenti di qualcuno.,Ich habe noch nie gesagt ein Outfit gefaellt mir nur um jemandes Gefuehle nicht zu verletzen.,Eu nunca nunca disse que gostava de um conjunto so para nao magoar alguem.,我从未为了不伤感情而说喜欢别人的穿搭。
261,Yo nunca nunca he visto la misma pelicula mas de cinco veces.,I have never ever watched the same movie more than five times.,Je n'ai jamais regarde le meme film plus de cinq fois.,Non ho mai guardato lo stesso film piu di cinque volte.,Ich habe noch nie den gleichen Film mehr als fuenfmal geschaut.,Eu nunca nunca vi o mesmo filme mais de cinco vezes.,我从未把同一部电影看了五遍以上。
262,Yo nunca nunca he olvidado mi propio numero de telefono cuando me lo han pedido.,I have never ever forgotten my own phone number when asked.,Je n'ai jamais oublie mon propre numero de telephone quand on me l'a demande.,Non ho mai dimenticato il mio numero di telefono quando me l'hanno chiesto.,Ich habe noch nie meine eigene Telefonnummer vergessen als man mich danach gefragt hat.,Eu nunca nunca esqueci o meu proprio numero de telefone quando mo pediram.,我从未在被问到时忘了自己的手机号。
263,Yo nunca nunca me he reido en la calle recordando algo de hace horas.,I have never ever laughed in the street remembering something from hours ago.,Je n'ai jamais ri dans la rue en me souvenant de quelque chose d'il y a des heures.,Non ho mai riso per strada ricordando qualcosa di ore prima.,Ich habe noch nie auf der Strasse gelacht weil ich mich an etwas von Stunden zuvor erinnert habe.,Eu nunca nunca me ri na rua a lembrar de algo de horas atras.,我从未在街上想起几小时前的事突然笑出来。
264,Yo nunca nunca he hecho una lista de la compra y me la he dejado en casa.,I have never ever made a shopping list and left it at home.,Je n'ai jamais fait une liste de courses et l'ai laissee a la maison.,Non ho mai fatto una lista della spesa e l'ho lasciata a casa.,Ich habe noch nie eine Einkaufsliste geschrieben und sie zu Hause vergessen.,Eu nunca nunca fiz uma lista de compras e a deixei em casa.,我从未列了购物清单却忘在家里。
265,Yo nunca nunca he saltado una cancion a los dos segundos de ponerla.,I have never ever skipped a song two seconds after playing it.,Je n'ai jamais zappe une chanson deux secondes apres l'avoir mise.,Non ho mai skippato una canzone due secondi dopo averla messa.,Ich habe noch nie ein Lied zwei Sekunden nach dem Abspielen uebersprungen.,Eu nunca nunca passei uma musica dois segundos depois de a por.,我从未播放一首歌两秒就跳过。
266,Yo nunca nunca he hablado de una serie como si la hubiera terminado sin haberlo hecho.,I have never ever talked about a show as if I'd finished it when I hadn't.,Je n'ai jamais parle d'une serie comme si je l'avais finie alors que non.,Non ho mai parlato di una serie come se l'avessi finita senza averlo fatto.,Ich habe noch nie ueber eine Serie geredet als haette ich sie fertig geschaut obwohl ich es nicht hatte.,Eu nunca nunca falei de uma serie como se a tivesse acabado sem o ter feito.,我从未没看完一部剧就跟人聊得好像看完了。
267,Yo nunca nunca he buscado mi movil desesperadamente mientras lo tenia en la mano.,I have never ever frantically searched for my phone while holding it.,Je n'ai jamais cherche mon telephone desesprement alors que je l'avais dans la main.,Non ho mai cercato disperatamente il mio telefono mentre lo avevo in mano.,Ich habe noch nie verzweifelt mein Handy gesucht waehrend ich es in der Hand hatte.,Eu nunca nunca procurei o telemovel desesperadamente enquanto o tinha na mao.,我从未拿着手机到处找手机。
268,Yo nunca nunca he dado indicaciones a alguien sin estar seguro del camino.,I have never ever given directions to someone while being completely unsure.,Je n'ai jamais donne des indications a quelqu'un sans etre sur du chemin.,Non ho mai dato indicazioni a qualcuno senza essere sicuro della strada.,Ich habe noch nie jemandem den Weg erklaert ohne mir sicher zu sein.,Eu nunca nunca dei indicacoes a alguem sem ter a certeza do caminho.,我从未在自己都不确定的情况下给人指路。
269,Yo nunca nunca he ordenado mi cuarto metiendo todo en el armario.,I have never ever cleaned my room by shoving everything into the closet.,Je n'ai jamais range ma chambre en fourrant tout dans l'armoire.,Non ho mai sistemato la stanza infilando tutto nell'armadio.,Ich habe noch nie mein Zimmer aufgeraeumt indem ich alles in den Schrank gestopft habe.,Eu nunca nunca arrumei o quarto enfiando tudo no armario.,我从未把所有东西塞进衣柜来假装收拾了房间。
270,Yo nunca nunca me he puesto un filtro antes de contestar una videollamada.,I have never ever put on a camera filter before answering a video call.,Je n'ai jamais mis un filtre avant de repondre a un appel video.,Non ho mai messo un filtro prima di rispondere a una videochiamata.,Ich habe noch nie einen Kamerafilter eingestellt bevor ich einen Videoanruf angenommen habe.,Eu nunca nunca pus um filtro antes de atender uma videochamada.,我从未在接视频电话前先开美颜滤镜。
271,Yo nunca nunca he tropezado en la acera justo despues de mirar a ambos lados al cruzar.,I have never ever tripped on the sidewalk right after carefully looking both ways.,Je n'ai jamais trebuche sur le trottoir juste apres avoir regarde des deux cotes.,Non ho mai inciampato sul marciapiede subito dopo aver guardato bene a destra e sinistra.,Ich bin noch nie auf dem Gehweg gestolpert direkt nachdem ich sorgfaeltig nach links und rechts geschaut habe.,Eu nunca nunca tropecei no passeio logo depois de olhar para os dois lados.,我从未小心翼翼地左右看完然后在人行道上绊倒。
272,Yo nunca nunca he enviado un audio y lo he escuchado inmediatamente.,I have never ever sent a voice note and immediately listened to it myself.,Je n'ai jamais envoye un vocal et l'ai ecoute immediatement apres.,Non ho mai mandato un vocale e l'ho ascoltato subito dopo.,Ich habe noch nie eine Sprachnachricht geschickt und sie sofort selbst angehoert.,Eu nunca nunca enviei um audio e o ouvi imediatamente.,我从未发完语音后马上自己听一遍。
273,Yo nunca nunca he llorado leyendo un libro.,I have never ever cried while reading a book.,Je n'ai jamais pleure en lisant un livre.,Non ho mai pianto leggendo un libro.,Ich habe noch nie beim Lesen eines Buches geweint.,Eu nunca nunca chorei a ler um livro.,我从未看书看到哭。
274,Yo nunca nunca he usado la misma contrasena para casi todo.,I have never ever used the same password for almost everything.,Je n'ai jamais utilise le meme mot de passe pour presque tout.,Non ho mai usato la stessa password per quasi tutto.,Ich habe noch nie fuer fast alles das gleiche Passwort benutzt.,Eu nunca nunca usei a mesma palavra-passe para quase tudo.,我从未几乎所有账号都用同一个密码。
275,Yo nunca nunca he comido algo solo por aburrimiento y no por hambre.,I have never ever eaten something out of boredom rather than hunger.,Je n'ai jamais mange quelque chose par ennui plutot que par faim.,Non ho mai mangiato qualcosa per noia piuttosto che per fame.,Ich habe noch nie aus Langeweile statt aus Hunger etwas gegessen.,Eu nunca nunca comi algo por tedio e nao por fome.,我从未因为无聊而不是因为饿才吃东西。
276,Yo nunca nunca he tenido una conversacion conmigo mismo sobre que comer.,I have never ever had a conversation with myself about what to eat.,Je n'ai jamais eu une conversation avec moi-meme sur quoi manger.,Non ho mai avuto una conversazione con me stesso su cosa mangiare.,Ich habe noch nie ein Selbstgespraech darueber gefuehrt was ich essen soll.,Eu nunca nunca tive uma conversa comigo mesmo sobre o que comer.,我从未自己跟自己讨论吃什么。
277,Yo nunca nunca he guardado una receta online y nunca la he cocinado.,I have never ever saved a recipe online and never actually made it.,Je n'ai jamais sauvegarde une recette en ligne sans jamais la preparer.,Non ho mai salvato una ricetta online senza mai cucinarla.,Ich habe noch nie ein Online-Rezept gespeichert und es dann nie gekocht.,Eu nunca nunca guardei uma receita online e nunca a cozinhei.,我从未收藏了网上的食谱却从来没做过。
278,Yo nunca nunca he fingido sorprenderme por una noticia que ya sabia.,I have never ever pretended to be surprised by news I already knew.,Je n'ai jamais fait semblant d'etre surpris par une nouvelle que je savais deja.,Non ho mai finto di essere sorpreso da una notizia che gia sapevo.,Ich habe noch nie so getan als waere ich ueberrascht von einer Nachricht die ich schon kannte.,Eu nunca nunca fingi estar surpreendido com uma noticia que ja sabia.,我从未假装对早就知道的消息感到惊讶。
279,Yo nunca nunca me he puesto auriculares sin que estuvieran conectados a nada.,I have never ever worn headphones that weren't connected to anything.,Je n'ai jamais porte des ecouteurs sans qu'ils soient connectes a quoi que ce soit.,Non ho mai indossato cuffie senza che fossero collegate a niente.,Ich habe noch nie Kopfhoerer getragen die mit nichts verbunden waren.,Eu nunca nunca pus auriculares sem estarem ligados a nada.,我从未戴着没连接任何设备的耳机。
280,Yo nunca nunca he dicho ya casi estoy listo sin haber empezado a prepararme.,I have never ever said I'm almost ready without having started getting ready.,Je n'ai jamais dit je suis presque pret sans avoir commence a me preparer.,Non ho mai detto sono quasi pronto senza aver iniziato a prepararmi.,Ich habe noch nie gesagt bin fast fertig ohne ueberhaupt angefangen zu haben mich fertig zu machen.,Eu nunca nunca disse ja estou quase pronto sem ter comecado a preparar-me.,我从未说快好了其实根本还没开始准备。
281,Yo nunca nunca me he quedado en el coche para terminar de escuchar una cancion.,I have never ever stayed in the car just to finish listening to a song.,Je ne suis jamais reste dans la voiture juste pour finir d'ecouter une chanson.,Non sono mai rimasto in macchina solo per finire di ascoltare una canzone.,Ich bin noch nie im Auto sitzen geblieben nur um ein Lied zu Ende zu hoeren.,Eu nunca nunca fiquei no carro so para acabar de ouvir uma musica.,我从未为了听完一首歌而在车里多坐一会儿。
282,Yo nunca nunca he probado el angulo de la camara antes de una videollamada.,I have never ever tested my camera angle before a video call.,Je n'ai jamais teste l'angle de ma camera avant un appel video.,Non ho mai provato l'angolazione della fotocamera prima di una videochiamata.,Ich habe noch nie meinen Kamerawinkel vor einem Videocall getestet.,Eu nunca nunca testei o angulo da camara antes de uma videochamada.,我从未在视频通话前调整过摄像头角度。
283,Yo nunca nunca he hecho captura de una conversacion para analizarla con amigos.,I have never ever screenshotted a conversation to analyze it with friends.,Je n'ai jamais fait une capture d'ecran d'une conversation pour l'analyser avec des amis.,Non ho mai fatto lo screenshot di una conversazione per analizzarla con gli amici.,Ich habe noch nie einen Screenshot einer Unterhaltung gemacht um ihn mit Freunden zu analysieren.,Eu nunca nunca fiz captura de uma conversa para analisa-la com amigos.,我从未截图聊天记录和朋友一起分析。
284,Yo nunca nunca me he puesto un proposito de ano nuevo y lo he dejado en dos semanas.,I have never ever set a New Year's resolution and given up within two weeks.,Je n'ai jamais fait une bonne resolution du nouvel an et abandonne en moins de deux semaines.,Non ho mai fatto un buon proposito di capodanno e mollato in due settimane.,Ich habe noch nie einen Neujahrsvorsatz gefasst und ihn innerhalb von zwei Wochen aufgegeben.,Eu nunca nunca fiz uma resolucao de ano novo e desisti em duas semanas.,我从未许了新年愿望两周内就放弃了。
285,Yo nunca nunca he dicho que el internet iba lento para evitar entregar algo a tiempo.,I have never ever claimed my internet was slow to avoid a deadline.,Je n'ai jamais pretendu que mon internet etait lent pour eviter une echeance.,Non ho mai detto che internet era lento per evitare una scadenza.,Ich habe noch nie behauptet mein Internet sei langsam um eine Frist zu umgehen.,Eu nunca nunca disse que a internet estava lenta para evitar um prazo.,我从未用网络慢当借口来躲避截止日期。
286,Yo nunca nunca he visto un video a velocidad x2 y aun asi me lo he saltado.,I have never ever watched a video at 2x speed and still skipped ahead.,Je n'ai jamais regarde une video en vitesse x2 et l'ai quand meme avancee.,Non ho mai guardato un video a velocita x2 e l'ho comunque saltato avanti.,Ich habe noch nie ein Video mit doppelter Geschwindigkeit geschaut und trotzdem vorgespult.,Eu nunca nunca vi um video a velocidade x2 e mesmo assim avancei.,我从未以两倍速看视频还是嫌慢快进了。
287,Yo nunca nunca he dicho que fuerte sin estar realmente escuchando.,I have never ever said that's crazy without actually listening.,Je n'ai jamais dit c'est ouf sans vraiment ecouter.,Non ho mai detto ma dai senza ascoltare davvero.,Ich habe noch nie krass gesagt ohne wirklich zuzuhoeren.,Eu nunca nunca disse que loucura sem estar realmente a ouvir.,我从未在没认真听的时候说好夸张啊。
288,Yo nunca nunca he montado una fiesta de baile solo en mi habitacion.,I have never ever had a solo dance party in my room.,Je n'ai jamais fait une soiree dansante seul dans ma chambre.,Non ho mai fatto una festa da ballo da solo nella mia stanza.,Ich habe noch nie allein in meinem Zimmer eine Tanzparty gefeiert.,Eu nunca nunca fiz uma festa de danca sozinho no meu quarto.,我从未一个人在房间里开过独舞派对。
289,Yo nunca nunca me he quedado una muestra gratis sin sentir nada de culpa.,I have never ever kept a free sample without feeling any guilt.,Je n'ai jamais garde un echantillon gratuit sans aucune culpabilite.,Non ho mai tenuto un campione gratuito senza provare alcun senso di colpa.,Ich habe noch nie eine Gratisprobe behalten ohne mich schuldig zu fuehlen.,Eu nunca nunca fiquei com uma amostra gratis sem sentir culpa nenhuma.,我从未毫无愧疚地拿走免费试用品。
290,Yo nunca nunca he fingido estirarme para poder mirar a alguien.,I have never ever pretended to stretch just to look at someone.,Je n'ai jamais fait semblant de m'etirer juste pour regarder quelqu'un.,Non ho mai finto di stiracchiarmi solo per guardare qualcuno.,Ich habe noch nie so getan als wuerde ich mich strecken nur um jemanden anzuschauen.,Eu nunca nunca fingi espreguicar-me so para olhar para alguem.,我从未假装伸懒腰其实在偷看某人。
291,Yo nunca nunca he dicho no pasa nada cuando por dentro estaba muy preocupado.,I have never ever said no worries while actually being very worried.,Je n'ai jamais dit pas de souci en etant en realite tres inquiet.,Non ho mai detto tranquillo mentre in realta ero molto preoccupato.,Ich habe noch nie kein Problem gesagt waehrend ich mir innerlich grosse Sorgen machte.,Eu nunca nunca disse nao te preocupes enquanto por dentro estava muito preocupado.,我从未嘴上说没关系心里其实非常担心。
292,Yo nunca nunca me he quedado dormido durante una llamada o videollamada.,I have never ever fallen asleep during a phone or video call.,Je ne me suis jamais endormi pendant un appel ou un appel video.,Non mi sono mai addormentato durante una chiamata o videochiamata.,Ich bin noch nie waehrend eines Telefon- oder Videoanrufs eingeschlafen.,Eu nunca nunca adormeci durante uma chamada ou videochamada.,我从未在通话或视频通话时睡着。
293,Yo nunca nunca he creado una playlist y la he escuchado solo una vez.,I have never ever created a playlist and only listened to it once.,Je n'ai jamais cree une playlist et ne l'ai ecoutee qu'une seule fois.,Non ho mai creato una playlist e l'ho ascoltata solo una volta.,Ich habe noch nie eine Playlist erstellt und sie nur einmal angehoert.,Eu nunca nunca criei uma playlist e so a ouvi uma vez.,我从未创建了歌单只听了一次。
294,Yo nunca nunca he fingido mirar la hora en un reloj que no llevaba puesto.,I have never ever pretended to check the time on a watch I wasn't wearing.,Je n'ai jamais fait semblant de regarder l'heure a un poignet sans montre.,Non ho mai finto di guardare l'ora su un polso senza orologio.,Ich habe noch nie so getan als wuerde ich auf eine Uhr schauen die ich gar nicht trug.,Eu nunca nunca fingi ver as horas num relogio que nao tinha posto.,我从未假装看了一下根本没戴的手表。
295,Yo nunca nunca he llamado a alguien y olvidado por que le llamaba.,I have never ever called someone and forgotten why I was calling.,Je n'ai jamais appele quelqu'un et oublie pourquoi j'appelais.,Non ho mai chiamato qualcuno e dimenticato perche lo stavo chiamando.,Ich habe noch nie jemanden angerufen und vergessen warum ich anrief.,Eu nunca nunca liguei a alguem e esqueci porque estava a ligar.,我从未打电话给人然后忘了为什么打。
296,Yo nunca nunca he escrito mi nombre en el vaho de una ventana.,I have never ever written my name in the fog on a window.,Je n'ai jamais ecrit mon nom dans la buee d'une fenetre.,Non ho mai scritto il mio nome nell'appannamento di una finestra.,Ich habe noch nie meinen Namen in den Beschlag einer Fensterscheibe geschrieben.,Eu nunca nunca escrevi o meu nome no embaciar de uma janela.,我从未在窗户的水雾上写过自己的名字。
297,Yo nunca nunca he actualizado una red social esperando que apareciera contenido nuevo.,I have never ever refreshed a social media feed hoping for new content.,Je n'ai jamais rafraichi un fil d'actualite en esperant du nouveau contenu.,Non ho mai aggiornato un feed sperando che apparisse qualcosa di nuovo.,Ich habe noch nie einen Social-Media-Feed aktualisiert in der Hoffnung auf neuen Inhalt.,Eu nunca nunca atualizei uma rede social a esperar que aparecesse conteudo novo.,我从未刷新社交媒体等新内容出现。
298,Yo nunca nunca me he rascado una picadura de mosquito hasta hacerla peor.,I have never ever scratched a mosquito bite until it got worse.,Je n'ai jamais gratte une piqure de moustique jusqu'a l'empirer.,Non ho mai grattato una puntura di zanzara fino a peggiorarla.,Ich habe noch nie einen Mueckenstich aufgekratzt bis er schlimmer wurde.,Eu nunca nunca cocei uma picada de mosquito ate ficar pior.,我从未把蚊子包挠到更严重。
299,Yo nunca nunca he dicho me da igual donde comemos y luego rechazado todas las opciones.,I have never ever said I don't care where we eat then rejected every option.,Je n'ai jamais dit ca m'est egal ou on mange et ensuite refuse toutes les options.,Non ho mai detto mi e uguale dove mangiamo e poi rifiutato tutte le opzioni.,Ich habe noch nie gesagt mir ist egal wo wir essen und dann jede Option abgelehnt.,Eu nunca nunca disse tanto me faz onde comemos e depois rejeitei todas as opcoes.,我从未说了随便吃什么都行然后否决了每个选项。
300,Yo nunca nunca me he escondido detras de algo o alguien para que no me vieran.,I have never ever hidden behind something or someone to avoid being seen.,Je ne me suis jamais cache derriere quelque chose ou quelqu'un pour ne pas etre vu.,Non mi sono mai nascosto dietro qualcosa o qualcuno per non essere visto.,Ich habe mich noch nie hinter etwas oder jemandem versteckt um nicht gesehen zu werden.,Eu nunca nunca me escondi atras de algo ou alguem para nao ser visto.,我从未躲在东西或人后面来避免被看到。