id,es,en,fr,it,de,pt,zh
1,Yo nunca nunca he bebido mas de la cuenta en una fiesta.,I have never ever drunk too much at a party.,Je n'ai jamais trop bu lors d'une fete.,Non ho mai bevuto troppo a una festa.,Ich habe noch nie auf einer Party zu viel getrunken.,Eu nunca nunca bebi demais numa festa.,我从未在派对上喝太多。
2,Yo nunca nunca he enviado mensajes estando borracho.,I have never ever sent messages while drunk.,Je n'ai jamais envoye de messages en etant ivre.,Non ho mai mandato messaggi da ubriaco.,Ich habe noch nie betrunken Nachrichten verschickt.,Eu nunca nunca enviei mensagens estando bebado.,我从未喝醉后发送过消息。
3,Yo nunca nunca me he liado con alguien en una fiesta.,I have never ever made out with someone at a party.,Je n'ai jamais embrasse quelqu'un dans une fete.,Non ho mai limonato con qualcuno a una festa.,Ich habe noch nie auf einer Party mit jemandem rumgemacht.,Eu nunca nunca me enrolei com alguem numa festa.,我从未在派对上和人接吻。
4,Yo nunca nunca he usado el alcohol como excusa.,I have never ever used alcohol as an excuse.,Je n'ai jamais utilise l'alcool comme excuse.,Non ho mai usato l'alcol come scusa.,Ich habe noch nie Alkohol als Ausrede benutzt.,Eu nunca nunca usei o alcool como desculpa.,我从未拿喝酒当借口。
5,Yo nunca nunca he vomitado por beber demasiado.,I have never ever thrown up from drinking too much.,Je n'ai jamais vomi a cause de trop d'alcool.,Non ho mai vomitato per aver bevuto troppo.,Ich habe noch nie vom Trinken erbrochen.,Eu nunca nunca vomitei por beber demais.,我从未因为喝太多而呕吐。
6,Yo nunca nunca he hecho algo borracho de lo que no me acuerdo.,I have never ever done something while drunk that I can't remember.,Je n'ai jamais fait quelque chose en etant ivre dont je ne me souviens pas.,Non ho mai fatto qualcosa da ubriaco di cui non mi ricordo.,Ich habe noch nie betrunken etwas getan an das ich mich nicht erinnern kann.,Eu nunca nunca fiz algo bebado de que nao me lembro.,我从未喝醉后做了不记得的事。
7,Yo nunca nunca me he quedado dormido en una fiesta.,I have never ever fallen asleep at a party.,Je ne me suis jamais endormi a une fete.,Non mi sono mai addormentato a una festa.,Ich bin noch nie auf einer Party eingeschlafen.,Eu nunca nunca adormeci numa festa.,我从未在派对上睡着过。
8,Yo nunca nunca he bailado encima de una mesa.,I have never ever danced on a table.,Je n'ai jamais danse sur une table.,Non ho mai ballato su un tavolo.,Ich habe noch nie auf einem Tisch getanzt.,Eu nunca nunca dancei em cima de uma mesa.,我从未在桌子上跳过舞。
9,Yo nunca nunca he mezclado bebidas y me he arrepentido.,I have never ever mixed drinks and regretted it.,Je n'ai jamais melange les boissons et regrette.,Non ho mai mischiato bevande e me ne sono pentito.,Ich habe noch nie Getraenke gemischt und es bereut.,Eu nunca nunca misturei bebidas e me arrependi.,我从未混酒后悔过。
10,Yo nunca nunca he perdido algo importante en una noche de fiesta.,I have never ever lost something important on a night out.,Je n'ai jamais perdu quelque chose d'important lors d'une soiree.,Non ho mai perso qualcosa di importante in una serata.,Ich habe noch nie etwas Wichtiges bei einer Partynacht verloren.,Eu nunca nunca perdi algo importante numa noite de festa.,我从未在夜晚出去玩时弄丢重要的东西。
11,Yo nunca nunca he llamado a mi ex estando borracho.,I have never ever called my ex while drunk.,Je n'ai jamais appele mon ex en etant ivre.,Non ho mai chiamato il mio ex da ubriaco.,Ich habe noch nie betrunken meinen Ex angerufen.,Eu nunca nunca liguei ao meu ex estando bebado.,我从未喝醉后打电话给前任。
12,Yo nunca nunca me he despertado en un lugar desconocido.,I have never ever woken up in an unknown place.,Je ne me suis jamais reveille dans un endroit inconnu.,Non mi sono mai svegliato in un posto sconosciuto.,Ich bin noch nie an einem unbekannten Ort aufgewacht.,Eu nunca nunca acordei num lugar desconhecido.,我从未在陌生的地方醒来。
13,Yo nunca nunca he hecho un brindis que avergonzo a alguien.,I have never ever made a toast that embarrassed someone.,Je n'ai jamais fait un toast qui a embarrasse quelqu'un.,Non ho mai fatto un brindisi che ha imbarazzato qualcuno.,Ich habe noch nie einen Toast gemacht der jemanden blamiert hat.,Eu nunca nunca fiz um brinde que envergonhou alguem.,我从未祝酒时让别人尴尬。
14,Yo nunca nunca he desaparecido de mis amigos durante una fiesta.,I have never ever disappeared from my friends during a party.,Je n'ai jamais disparu de mes amis pendant une fete.,Non sono mai sparito dagli amici durante una festa.,Ich bin noch nie waehrend einer Party von meinen Freunden verschwunden.,Eu nunca nunca desapareci dos meus amigos durante uma festa.,我从未在派对中途和朋友走散。
15,Yo nunca nunca he bebido de la botella directamente.,I have never ever drunk straight from the bottle.,Je n'ai jamais bu directement a la bouteille.,Non ho mai bevuto direttamente dalla bottiglia.,Ich habe noch nie direkt aus der Flasche getrunken.,Eu nunca nunca bebi diretamente da garrafa.,我从未直接对瓶吹过。
16,Yo nunca nunca he retado a alguien a hacer algo estupido en una fiesta.,I have never ever dared someone to do something stupid at a party.,Je n'ai jamais defie quelqu'un de faire quelque chose de stupide a une fete.,Non ho mai sfidato qualcuno a fare qualcosa di stupido a una festa.,Ich habe noch nie jemanden auf einer Party zu etwas Dummem herausgefordert.,Eu nunca nunca desafiei alguem a fazer algo estupido numa festa.,我从未在派对上激别人做蠢事。
17,Yo nunca nunca me he peleado con un amigo estando borracho.,I have never ever gotten into a fight with a friend while drunk.,Je ne me suis jamais dispute avec un ami en etant ivre.,Non ho mai litigato con un amico da ubriaco.,Ich habe mich noch nie betrunken mit einem Freund gestritten.,Eu nunca nunca me zanguei com um amigo estando bebado.,我从未喝醉后和朋友吵架。
18,Yo nunca nunca he cantado karaoke borracho.,I have never ever sung karaoke while drunk.,Je n'ai jamais chante du karaoke en etant ivre.,Non ho mai cantato al karaoke da ubriaco.,Ich habe noch nie betrunken Karaoke gesungen.,Eu nunca nunca cantei karaoke bebado.,我从未喝醉后唱过卡拉OK。
19,Yo nunca nunca me he subido a un escenario en una discoteca.,I have never ever gotten on stage at a club.,Je ne suis jamais monte sur scene dans une discotheque.,Non sono mai salito sul palco in una discoteca.,Ich war noch nie auf der Buehne in einer Disco.,Eu nunca nunca subi a um palco numa discoteca.,我从未在夜店上过台。
20,Yo nunca nunca he hecho shot de tequila con sal y limon.,I have never ever done a tequila shot with salt and lime.,Je n'ai jamais fait un shot de tequila avec sel et citron.,Non ho mai fatto uno shot di tequila con sale e limone.,Ich habe noch nie einen Tequila-Shot mit Salz und Zitrone gemacht.,Eu nunca nunca fiz um shot de tequila com sal e limao.,我从未试过加盐和柠檬喝龙舌兰。
21,Yo nunca nunca he colado a alguien en una fiesta.,I have never ever snuck someone into a party.,Je n'ai jamais fait entrer quelqu'un en douce a une fete.,Non ho mai fatto entrare qualcuno di nascosto a una festa.,Ich habe noch nie jemanden in eine Party reingeschmuggelt.,Eu nunca nunca meti alguem numa festa as escondidas.,我从未偷偷带人混进派对。
22,Yo nunca nunca he sido el ultimo en irme de una fiesta.,I have never ever been the last one to leave a party.,Je n'ai jamais ete le dernier a quitter une fete.,Non sono mai stato l'ultimo ad andarsene da una festa.,Ich war noch nie der Letzte der eine Party verlassen hat.,Eu nunca nunca fui o ultimo a sair de uma festa.,我从未是最后一个离开派对的人。
23,Yo nunca nunca he bebido algo asqueroso por un reto.,I have never ever drunk something disgusting because of a dare.,Je n'ai jamais bu quelque chose de degoutant a cause d'un defi.,Non ho mai bevuto qualcosa di disgustoso per una sfida.,Ich habe noch nie wegen einer Wette etwas Ekliges getrunken.,Eu nunca nunca bebi algo nojento por causa de um desafio.,我从未因为被激将而喝过恶心的东西。
24,Yo nunca nunca he robado un vaso o senal de un bar.,I have never ever stolen a glass or sign from a bar.,Je n'ai jamais vole un verre ou une enseigne d'un bar.,Non ho mai rubato un bicchiere o un'insegna da un bar.,Ich habe noch nie ein Glas oder Schild aus einer Bar gestohlen.,Eu nunca nunca roubei um copo ou placa de um bar.,我从未从酒吧偷过杯子或标牌。
25,Yo nunca nunca he vuelto a casa descalzo despues de una noche.,I have never ever walked home barefoot after a night out.,Je ne suis jamais rentre pieds nus apres une soiree.,Non sono mai tornato a casa scalzo dopo una serata.,Ich bin noch nie barfuss nach einer Party nach Hause gelaufen.,Eu nunca nunca voltei para casa descalco depois de uma noite.,我从未在夜晚出去玩后光脚走回家。
26,Yo nunca nunca he inventado una historia loca para justificar una resaca.,I have never ever made up a crazy story to justify a hangover.,Je n'ai jamais invente une histoire folle pour justifier une gueule de bois.,Non ho mai inventato una storia assurda per giustificare una sbornia.,Ich habe noch nie eine verrueckte Geschichte erfunden um einen Kater zu rechtfertigen.,Eu nunca nunca inventei uma historia louca para justificar uma ressaca.,我从未编造疯狂的故事来掩盖宿醉。
27,Yo nunca nunca he hecho body shots con alguien.,I have never ever done body shots with someone.,Je n'ai jamais fait de body shots avec quelqu'un.,Non ho mai fatto body shot con qualcuno.,Ich habe noch nie Body Shots mit jemandem gemacht.,Eu nunca nunca fiz body shots com alguem.,我从未在别人身上喝过酒。
28,Yo nunca nunca me he caido por estar borracho.,I have never ever fallen over because I was drunk.,Je ne suis jamais tombe parce que j'etais ivre.,Non sono mai caduto perche ero ubriaco.,Ich bin noch nie hingefallen weil ich betrunken war.,Eu nunca nunca cai por estar bebado.,我从未因为喝醉而摔倒。
29,Yo nunca nunca he perdido la cartera o el movil en una noche de fiesta.,I have never ever lost my wallet or phone on a night out.,Je n'ai jamais perdu mon portefeuille ou telephone lors d'une soiree.,Non ho mai perso il portafoglio o il telefono in una serata.,Ich habe noch nie meine Geldboerse oder mein Handy bei einer Partynacht verloren.,Eu nunca nunca perdi a carteira ou telemovel numa noite de festa.,我从未在夜晚聚会时弄丢钱包或手机。
30,Yo nunca nunca he hecho un drinking game y perdido horriblemente.,I have never ever played a drinking game and lost horribly.,Je n'ai jamais joue a un jeu a boire et perdu lamentablement.,Non ho mai giocato a un drinking game e perso malamente.,Ich habe noch nie bei einem Trinkspiel schrecklich verloren.,Eu nunca nunca joguei um drinking game e perdi horrivelmente.,我从未玩喝酒游戏输得很惨。
31,Yo nunca nunca he prometido no volver a beber y lo he hecho al dia siguiente.,I have never ever sworn off drinking and then done it the next day.,Je n'ai jamais jure de ne plus boire et l'ai fait le lendemain.,Non ho mai giurato di non bere piu e poi l'ho fatto il giorno dopo.,Ich habe noch nie geschworen nicht mehr zu trinken und es am naechsten Tag doch getan.,Eu nunca nunca prometi nao voltar a beber e bebi no dia seguinte.,我从未发誓不再喝酒第二天就破戒。
32,Yo nunca nunca he preguntado a un desconocido si podia unirme a su mesa.,I have never ever asked a stranger if I could join their table.,Je n'ai jamais demande a un inconnu si je pouvais m'asseoir a sa table.,Non ho mai chiesto a uno sconosciuto se potevo unirmi al suo tavolo.,Ich habe noch nie einen Fremden gefragt ob ich mich an seinen Tisch setzen darf.,Eu nunca nunca perguntei a um desconhecido se podia juntar-me a sua mesa.,我从未问陌生人能不能坐他们那桌。
33,Yo nunca nunca he abierto una botella con los dientes.,I have never ever opened a bottle with my teeth.,Je n'ai jamais ouvert une bouteille avec mes dents.,Non ho mai aperto una bottiglia con i denti.,Ich habe noch nie eine Flasche mit den Zaehnen geoeffnet.,Eu nunca nunca abri uma garrafa com os dentes.,我从未用牙齿开过瓶盖。
34,Yo nunca nunca he gritado el nombre de alguien borracho en publico.,I have never ever yelled someone's name while drunk in public.,Je n'ai jamais crie le nom de quelqu'un en etant ivre en public.,Non ho mai urlato il nome di qualcuno da ubriaco in pubblico.,Ich habe noch nie betrunken in der Oeffentlichkeit jemandes Namen geschrien.,Eu nunca nunca gritei o nome de alguem bebado em publico.,我从未喝醉后在公共场合大喊某人的名字。
35,Yo nunca nunca he intentado cocinar estando borracho.,I have never ever tried to cook while drunk.,Je n'ai jamais essaye de cuisiner en etant ivre.,Non ho mai provato a cucinare da ubriaco.,Ich habe noch nie betrunken versucht zu kochen.,Eu nunca nunca tentei cozinhar estando bebado.,我从未喝醉后尝试做饭。
36,Yo nunca nunca he dicho un secreto que no debia estando borracho.,I have never ever spilled a secret while drunk.,Je n'ai jamais revele un secret en etant ivre.,Non ho mai rivelato un segreto da ubriaco.,Ich habe noch nie betrunken ein Geheimnis verraten.,Eu nunca nunca contei um segredo estando bebado.,我从未喝醉后说漏嘴泄露秘密。
37,Yo nunca nunca he jugado al beer pong.,I have never ever played beer pong.,Je n'ai jamais joue au beer pong.,Non ho mai giocato a beer pong.,Ich habe noch nie Beer Pong gespielt.,Eu nunca nunca joguei beer pong.,我从未玩过啤酒乒乓。
38,Yo nunca nunca me he colado en un lugar sin pagar.,I have never ever snuck into a place without paying.,Je ne me suis jamais introduit dans un endroit sans payer.,Non mi sono mai intrufolato in un locale senza pagare.,Ich habe mich noch nie ohne zu bezahlen in einen Ort eingeschlichen.,Eu nunca nunca me infiltrei num local sem pagar.,我从未逃票混进某个地方。
39,Yo nunca nunca he hecho una apuesta estupida en una fiesta.,I have never ever made a stupid bet at a party.,Je n'ai jamais fait un pari stupide a une fete.,Non ho mai fatto una scommessa stupida a una festa.,Ich habe noch nie auf einer Party eine dumme Wette gemacht.,Eu nunca nunca fiz uma aposta estupida numa festa.,我从未在派对上打过愚蠢的赌。
40,Yo nunca nunca he abandonado a un amigo borracho en una fiesta.,I have never ever left a drunk friend behind at a party.,Je n'ai jamais abandonne un ami ivre dans une fete.,Non ho mai abbandonato un amico ubriaco a una festa.,Ich habe noch nie einen betrunkenen Freund auf einer Party zurueckgelassen.,Eu nunca nunca abandonei um amigo bebado numa festa.,我从未在派对上丢下喝醉的朋友。
41,Yo nunca nunca he hecho una coreografia improvisada en la pista.,I have never ever done an improvised dance routine on the dance floor.,Je n'ai jamais fait une choregraphie improvisee sur la piste.,Non ho mai fatto una coreografia improvvisata in pista.,Ich habe noch nie eine improvisierte Choreografie auf der Tanzflaeche gemacht.,Eu nunca nunca fiz uma coreografia improvisada na pista.,我从未在舞池里即兴来过一段编舞。
42,Yo nunca nunca he escondido alcohol en un lugar inesperado.,I have never ever hidden alcohol in an unexpected place.,Je n'ai jamais cache de l'alcool dans un endroit inattendu.,Non ho mai nascosto alcolici in un posto inaspettato.,Ich habe noch nie Alkohol an einem unerwarteten Ort versteckt.,Eu nunca nunca escondi alcool num local inesperado.,我从未把酒藏在意想不到的地方。
43,Yo nunca nunca me he disfrazado de algo ridiculo en una fiesta.,I have never ever dressed up as something ridiculous at a party.,Je ne me suis jamais deguise en quelque chose de ridicule a une fete.,Non mi sono mai vestito in modo ridicolo a una festa.,Ich habe mich noch nie auf einer Party laecherlich verkleidet.,Eu nunca nunca me fantasiei de algo ridiculo numa festa.,我从未在派对上穿过搞笑的装扮。
44,Yo nunca nunca he tenido resaca un lunes en el trabajo o clase.,I have never ever been hungover on a Monday at work or school.,Je n'ai jamais eu la gueule de bois un lundi au travail ou en cours.,Non ho mai avuto i postumi la lunedi al lavoro o a lezione.,Ich hatte noch nie einen Kater am Montag bei der Arbeit oder in der Schule.,Eu nunca nunca tive ressaca numa segunda-feira no trabalho ou aula.,我从未在周一上班或上课时还在宿醉。
45,Yo nunca nunca me he metido en un taxi con desconocidos despues de una fiesta.,I have never ever shared a taxi with strangers after a party.,Je n'ai jamais partage un taxi avec des inconnus apres une fete.,Non ho mai condiviso un taxi con sconosciuti dopo una festa.,Ich habe noch nie nach einer Party ein Taxi mit Fremden geteilt.,Eu nunca nunca partilhei um taxi com desconhecidos depois de uma festa.,我从未在派对后和陌生人拼过车。
46,Yo nunca nunca he inventado una excusa para irme de una fiesta aburrida.,I have never ever made up an excuse to leave a boring party.,Je n'ai jamais invente une excuse pour quitter une fete ennuyeuse.,Non ho mai inventato una scusa per lasciare una festa noiosa.,Ich habe noch nie eine Ausrede erfunden um eine langweilige Party zu verlassen.,Eu nunca nunca inventei uma desculpa para sair de uma festa aborrecida.,我从未编造借口离开无聊的派对。
47,Yo nunca nunca he sido echado de un bar o discoteca.,I have never ever been kicked out of a bar or club.,Je n'ai jamais ete vire d'un bar ou d'une discotheque.,Non sono mai stato cacciato da un bar o discoteca.,Ich wurde noch nie aus einer Bar oder Disco rausgeworfen.,Eu nunca nunca fui expulso de um bar ou discoteca.,我从未被酒吧或夜店赶出去。
48,Yo nunca nunca he ligado con alguien en la barra de un bar.,I have never ever hit on someone at a bar counter.,Je n'ai jamais drague quelqu'un au comptoir d'un bar.,Non ho mai rimorchiato qualcuno al bancone di un bar.,Ich habe noch nie jemanden an einer Bartheke angemacht.,Eu nunca nunca engatei alguem ao balcao de um bar.,我从未在吧台搭讪。
49,Yo nunca nunca he perdido los zapatos en una noche de fiesta.,I have never ever lost my shoes on a night out.,Je n'ai jamais perdu mes chaussures lors d'une soiree.,Non ho mai perso le scarpe durante una serata.,Ich habe noch nie meine Schuhe bei einer Partynacht verloren.,Eu nunca nunca perdi os sapatos numa noite de festa.,我从未在夜晚出去玩时弄丢鞋子。
50,Yo nunca nunca he grabado un video vergonzoso estando borracho.,I have never ever recorded an embarrassing video while drunk.,Je n'ai jamais enregistre une video embarrassante en etant ivre.,Non ho mai registrato un video imbarazzante da ubriaco.,Ich habe noch nie betrunken ein peinliches Video aufgenommen.,Eu nunca nunca gravei um video embaracoso estando bebado.,我从未喝醉后录过丢人的视频。
51,Yo nunca nunca he empezado una fiesta antes de las 6 de la tarde.,I have never ever started partying before 6 PM.,Je n'ai jamais commence a faire la fete avant 18 heures.,Non ho mai iniziato a festeggiare prima delle 18.,Ich habe noch nie vor 18 Uhr angefangen zu feiern.,Eu nunca nunca comecei uma festa antes das 18 horas.,我从未在下午六点之前就开始嗨。
52,Yo nunca nunca he terminado en una fiesta a la que no estaba invitado.,I have never ever ended up at a party I wasn't invited to.,Je n'ai jamais fini dans une fete a laquelle je n'etais pas invite.,Non sono mai finito a una festa a cui non ero invitato.,Ich bin noch nie auf einer Party gelandet zu der ich nicht eingeladen war.,Eu nunca nunca acabei numa festa para a qual nao fui convidado.,我从未出现在自己没被邀请的派对上。
53,Yo nunca nunca he bebido un coctel sin saber lo que tenia.,I have never ever drunk a cocktail without knowing what was in it.,Je n'ai jamais bu un cocktail sans savoir ce qu'il contenait.,Non ho mai bevuto un cocktail senza sapere cosa conteneva.,Ich habe noch nie einen Cocktail getrunken ohne zu wissen was drin war.,Eu nunca nunca bebi um cocktail sem saber o que tinha.,我从未喝过不知道成分的鸡尾酒。
54,Yo nunca nunca he hecho una called vergonzosa borracho.,I have never ever made an embarrassing phone call while drunk.,Je n'ai jamais passe un appel embarrassant en etant ivre.,Non ho mai fatto una chiamata imbarazzante da ubriaco.,Ich habe noch nie betrunken einen peinlichen Anruf gemacht.,Eu nunca nunca fiz uma chamada embaracosa estando bebado.,我从未喝醉后打出过丢人的电话。
55,Yo nunca nunca he bebido antes de un examen.,I have never ever drunk alcohol before an exam.,Je n'ai jamais bu avant un examen.,Non ho mai bevuto prima di un esame.,Ich habe noch nie vor einer Pruefung Alkohol getrunken.,Eu nunca nunca bebi antes de um exame.,我从未在考试前喝过酒。
56,Yo nunca nunca he dormido en el sofa de un desconocido.,I have never ever slept on a stranger's couch.,Je n'ai jamais dormi sur le canape d'un inconnu.,Non ho mai dormito sul divano di uno sconosciuto.,Ich habe noch nie auf der Couch eines Fremden geschlafen.,Eu nunca nunca dormi no sofa de um desconhecido.,我从未在陌生人家的沙发上睡过。
57,Yo nunca nunca me he despertado con resaca y no recordar como llegue a casa.,I have never ever woken up hungover with no memory of how I got home.,Je ne me suis jamais reveille avec la gueule de bois sans savoir comment je suis rentre.,Non mi sono mai svegliato con i postumi senza ricordare come sono tornato a casa.,Ich bin noch nie verkatert aufgewacht ohne mich zu erinnern wie ich nach Hause gekommen bin.,Eu nunca nunca acordei de ressaca sem me lembrar de como cheguei a casa.,我从未宿醉醒来完全不记得自己怎么到家的。
58,Yo nunca nunca he hecho un fondo de botella con cerveza.,I have never ever chugged a beer.,Je n'ai jamais cul-secke une biere.,Non ho mai scolato una birra tutta d'un fiato.,Ich habe noch nie ein Bier auf ex getrunken.,Eu nunca nunca fiz um fundo de garrafa com cerveja.,我从未一口气吹瓶喝过啤酒。
59,Yo nunca nunca me he tirado a una piscina vestido en una fiesta.,I have never ever jumped into a pool fully clothed at a party.,Je ne me suis jamais jete dans une piscine habille a une fete.,Non mi sono mai buttato in piscina vestito a una festa.,Ich bin noch nie auf einer Party angezogen in einen Pool gesprungen.,Eu nunca nunca me atirei para uma piscina vestido numa festa.,我从未在派对上穿着衣服跳进泳池。
60,Yo nunca nunca he publicado algo en redes estando borracho y lo he borrado al dia siguiente.,I have never ever posted something on social media while drunk and deleted it the next day.,Je n'ai jamais publie quelque chose sur les reseaux sociaux en etant ivre et l'ai supprime le lendemain.,Non ho mai postato qualcosa sui social da ubriaco e cancellato il giorno dopo.,Ich habe noch nie betrunken etwas in sozialen Medien gepostet und es am naechsten Tag geloescht.,Eu nunca nunca publiquei algo nas redes estando bebado e apaguei no dia seguinte.,我从未喝醉后发了动态第二天又删掉。
61,Yo nunca nunca he hecho una compra online estando borracho.,I have never ever made an online purchase while drunk.,Je n'ai jamais fait un achat en ligne en etant ivre.,Non ho mai fatto un acquisto online da ubriaco.,Ich habe noch nie betrunken etwas online bestellt.,Eu nunca nunca fiz uma compra online estando bebado.,我从未喝醉后在网上买东西。
62,Yo nunca nunca he fingido estar sobrio delante de mis padres.,I have never ever pretended to be sober in front of my parents.,Je n'ai jamais fait semblant d'etre sobre devant mes parents.,Non ho mai finto di essere sobrio davanti ai miei genitori.,Ich habe noch nie so getan als waere ich nuechtern vor meinen Eltern.,Eu nunca nunca fingi estar sobrio a frente dos meus pais.,我从未在父母面前假装自己没喝醉。
63,Yo nunca nunca he iniciado un conga o tren en una fiesta.,I have never ever started a conga line at a party.,Je n'ai jamais lance un conga dans une fete.,Non ho mai iniziato una conga a una festa.,Ich habe noch nie eine Conga-Reihe auf einer Party gestartet.,Eu nunca nunca iniciei uma conga numa festa.,我从未在派对上带头跳康加舞。
64,Yo nunca nunca he hecho pre-fiesta y no llegado a la fiesta real.,I have never ever done pre-drinks and never made it to the actual party.,Je n'ai jamais fait un pre avant une soiree et ne suis jamais arrive a la soiree.,Non ho mai fatto il pre-serata e poi non sono arrivato alla festa vera.,Ich habe vorgeglueht und es dann nie zur eigentlichen Party geschafft.,Eu nunca nunca fiz pre-festa e nao cheguei a festa de verdade.,我从未只预热就没去正式派对。
65,Yo nunca nunca he bailado reggaeton toda la noche.,I have never ever danced reggaeton all night long.,Je n'ai jamais danse du reggaeton toute la nuit.,Non ho mai ballato reggaeton tutta la notte.,Ich habe noch nie die ganze Nacht Reggaeton getanzt.,Eu nunca nunca dancei reggaeton a noite toda.,我从未整晚都在跳雷盖顿。
66,Yo nunca nunca he aceptado una bebida de un desconocido.,I have never ever accepted a drink from a stranger.,Je n'ai jamais accepte un verre d'un inconnu.,Non ho mai accettato un drink da uno sconosciuto.,Ich habe noch nie ein Getraenk von einem Fremden angenommen.,Eu nunca nunca aceitei uma bebida de um desconhecido.,我从未接受过陌生人请的酒。
67,Yo nunca nunca he ido a una fiesta de pijamas siendo adulto.,I have never ever gone to a pajama party as an adult.,Je n'ai jamais ete a une soiree pyjama en tant qu'adulte.,Non sono mai andato a un pigiama party da adulto.,Ich war noch nie als Erwachsener auf einer Pyjamaparty.,Eu nunca nunca fui a uma festa de pijama sendo adulto.,我从未成年后参加过睡衣派对。
68,Yo nunca nunca he ganado un concurso de beber.,I have never ever won a drinking contest.,Je n'ai jamais gagne un concours de boisson.,Non ho mai vinto una gara di bevute.,Ich habe noch nie einen Trinkwettbewerb gewonnen.,Eu nunca nunca ganhei um concurso de beber.,我从未赢过喝酒比赛。
69,Yo nunca nunca me he escondido en el bano de un bar para no pagar.,I have never ever hidden in a bar bathroom to avoid paying.,Je ne me suis jamais cache dans les toilettes d'un bar pour eviter de payer.,Non mi sono mai nascosto nel bagno di un bar per non pagare.,Ich habe mich noch nie im Badezimmer einer Bar versteckt um nicht zu bezahlen.,Eu nunca nunca me escondi na casa de banho de um bar para nao pagar.,我从未躲在酒吧厕所里逃单。
70,Yo nunca nunca he convencido a alguien para salir cuando no queria.,I have never ever convinced someone to go out when they didn't want to.,Je n'ai jamais convaincu quelqu'un de sortir quand il ne voulait pas.,Non ho mai convinto qualcuno a uscire quando non voleva.,Ich habe noch nie jemanden ueberredet auszugehen als er nicht wollte.,Eu nunca nunca convenci alguem a sair quando nao queria.,我从未说服不想出门的人出来嗨。
71,Yo nunca nunca he perdido la nocion del tiempo en una fiesta.,I have never ever lost track of time at a party.,Je n'ai jamais perdu la notion du temps a une fete.,Non ho mai perso la cognizione del tempo a una festa.,Ich habe noch nie auf einer Party das Zeitgefuehl verloren.,Eu nunca nunca perdi a nocao do tempo numa festa.,我从未在派对上忘记了时间。
72,Yo nunca nunca he ido a trabajar con ropa de fiesta del dia anterior.,I have never ever gone to work wearing the previous night's party clothes.,Je ne suis jamais alle au travail avec les vetements de la soiree de la veille.,Non sono mai andato al lavoro con i vestiti della festa della sera prima.,Ich bin noch nie in den Klamotten der letzten Partynacht zur Arbeit gegangen.,Eu nunca nunca fui trabalhar com a roupa da festa da noite anterior.,我从未穿着前一晚派对的衣服去上班。
73,Yo nunca nunca he pedido comida rapida a las 4 de la manana.,I have never ever ordered fast food at 4 AM.,Je n'ai jamais commande de la restauration rapide a 4 heures du matin.,Non ho mai ordinato fast food alle 4 di mattina.,Ich habe noch nie um 4 Uhr morgens Fast Food bestellt.,Eu nunca nunca pedi comida rapida as 4 da manha.,我从未凌晨四点叫过外卖。
74,Yo nunca nunca he hecho un discurso emotivo estando borracho.,I have never ever given an emotional speech while drunk.,Je n'ai jamais fait un discours emotif en etant ivre.,Non ho mai fatto un discorso emotivo da ubriaco.,Ich habe noch nie betrunken eine emotionale Rede gehalten.,Eu nunca nunca fiz um discurso emotivo estando bebado.,我从未喝醉后发表过感人肺腑的演讲。
75,Yo nunca nunca me he despertado con gafas de sol puestas.,I have never ever woken up still wearing sunglasses.,Je ne me suis jamais reveille avec des lunettes de soleil.,Non mi sono mai svegliato con gli occhiali da sole addosso.,Ich bin noch nie mit Sonnenbrille aufgewacht.,Eu nunca nunca acordei com oculos de sol postos.,我从未醒来发现自己还戴着墨镜。
76,Yo nunca nunca he hecho una fiesta en mi casa sin permiso.,I have never ever thrown a party at home without permission.,Je n'ai jamais fait une fete chez moi sans permission.,Non ho mai organizzato una festa a casa senza permesso.,Ich habe noch nie ohne Erlaubnis eine Party bei mir zu Hause geschmissen.,Eu nunca nunca fiz uma festa em casa sem permissao.,我从未未经允许在家办过派对。
77,Yo nunca nunca he bailado con alguien cuyo nombre no sabia.,I have never ever danced with someone whose name I didn't know.,Je n'ai jamais danse avec quelqu'un dont je ne connaissais pas le nom.,Non ho mai ballato con qualcuno di cui non sapevo il nome.,Ich habe noch nie mit jemandem getanzt dessen Namen ich nicht kannte.,Eu nunca nunca dancei com alguem cujo nome nao sabia.,我从未和不知道名字的人跳过舞。
78,Yo nunca nunca he vuelto a una fiesta despues de decir que me iba.,I have never ever gone back to a party after saying I was leaving.,Je ne suis jamais retourne a une fete apres avoir dit que je partais.,Non sono mai tornato a una festa dopo aver detto che andavo via.,Ich bin noch nie zu einer Party zurueckgekehrt nachdem ich gesagt habe dass ich gehe.,Eu nunca nunca voltei a uma festa depois de dizer que ia embora.,我从未说了要走又回到派对。
79,Yo nunca nunca he inventado un cocktail que sabia horrible.,I have never ever invented a cocktail that tasted horrible.,Je n'ai jamais invente un cocktail qui avait un gout horrible.,Non ho mai inventato un cocktail che sapeva orribilmente.,Ich habe noch nie einen Cocktail erfunden der schrecklich geschmeckt hat.,Eu nunca nunca inventei um cocktail que sabia horrivel.,我从未自创过难喝的鸡尾酒。
80,Yo nunca nunca he hecho un brindis con agua fingiendo que era vodka.,I have never ever toasted with water pretending it was vodka.,Je n'ai jamais trinque avec de l'eau en faisant croire que c'etait de la vodka.,Non ho mai brindato con acqua fingendo fosse vodka.,Ich habe noch nie mit Wasser angestossen und so getan als waere es Wodka.,Eu nunca nunca brindei com agua fingindo que era vodka.,我从未用水假装是伏特加干杯。
81,Yo nunca nunca he competido para ver quien bebia mas rapido.,I have never ever competed to see who could drink fastest.,Je n'ai jamais fait la course pour voir qui buvait le plus vite.,Non ho mai gareggiato per vedere chi beveva piu veloce.,Ich habe noch nie um die Wette getrunken wer am schnellsten trinkt.,Eu nunca nunca competi para ver quem bebia mais rapido.,我从未比赛过谁喝得最快。
82,Yo nunca nunca he ido a una after despues de una fiesta.,I have never ever gone to an afterparty.,Je ne suis jamais alle a un after.,Non sono mai andato a un afterparty.,Ich war noch nie auf einer Afterparty.,Eu nunca nunca fui a um after depois de uma festa.,我从未去过续摊。
83,Yo nunca nunca me he tomado una foto haciendo algo estupido borracho.,I have never ever taken a photo doing something stupid while drunk.,Je n'ai jamais pris une photo en faisant quelque chose de stupide en etant ivre.,Non ho mai fatto una foto facendo qualcosa di stupido da ubriaco.,Ich habe noch nie ein Foto gemacht waehrend ich betrunken etwas Dummes getan habe.,Eu nunca nunca tirei uma foto a fazer algo estupido estando bebado.,我从未喝醉后做蠢事被拍照。
84,Yo nunca nunca he dado mi numero de telefono a un desconocido en una fiesta.,I have never ever given my phone number to a stranger at a party.,Je n'ai jamais donne mon numero de telephone a un inconnu dans une fete.,Non ho mai dato il mio numero a uno sconosciuto a una festa.,Ich habe noch nie meine Telefonnummer einem Fremden auf einer Party gegeben.,Eu nunca nunca dei o meu numero a um desconhecido numa festa.,我从未在派对上把电话号码给陌生人。
85,Yo nunca nunca he cantado a gritos una cancion en la calle de madrugada.,I have never ever shouted a song in the street late at night.,Je n'ai jamais chante a tue-tete dans la rue tard le soir.,Non ho mai cantato a squarciagola per strada di notte.,Ich habe noch nie nachts auf der Strasse ein Lied herausgeschrien.,Eu nunca nunca cantei aos gritos uma cancao na rua de madrugada.,我从未在深夜的街上大声唱歌。
86,Yo nunca nunca he confundido a alguien borracho con otra persona.,I have never ever drunkenly mistaken someone for somebody else.,Je n'ai jamais confondu quelqu'un avec une autre personne en etant ivre.,Non ho mai scambiato qualcuno per un'altra persona da ubriaco.,Ich habe noch nie betrunken jemanden mit einer anderen Person verwechselt.,Eu nunca nunca confundi alguem estando bebado com outra pessoa.,我从未喝醉后认错人。
87,Yo nunca nunca he tenido que cargar a un amigo borracho hasta su casa.,I have never ever had to carry a drunk friend home.,Je n'ai jamais du porter un ami ivre jusqu'a chez lui.,Non ho mai dovuto portare un amico ubriaco fino a casa.,Ich habe noch nie einen betrunkenen Freund nach Hause tragen muessen.,Eu nunca nunca tive de carregar um amigo bebado ate casa.,我从未把喝醉的朋友扛回家。
88,Yo nunca nunca me he quedado afuera de mi casa por llegar borracho sin llaves.,I have never ever been locked out of my house for being drunk without keys.,Je ne me suis jamais retrouve devant ma porte parce que j'etais ivre sans mes cles.,Non mi sono mai trovato chiuso fuori casa perche ero ubriaco senza chiavi.,Ich stand noch nie betrunken ohne Schluessel vor meiner Haustuer.,Eu nunca nunca fiquei trancado fora de casa por chegar bebado sem chaves.,我从未因为喝醉没带钥匙被锁在门外。
89,Yo nunca nunca he ido a una fiesta solo sin conocer a nadie.,I have never ever gone to a party alone without knowing anyone.,Je ne suis jamais alle seul a une fete sans connaitre personne.,Non sono mai andato a una festa da solo senza conoscere nessuno.,Ich war noch nie allein auf einer Party ohne jemanden zu kennen.,Eu nunca nunca fui a uma festa sozinho sem conhecer ninguem.,我从未一个人独自去一个谁都不认识的派对。
90,Yo nunca nunca he forzado a un amigo a hacer un shot.,I have never ever pressured a friend into doing a shot.,Je n'ai jamais force un ami a faire un shot.,Non ho mai forzato un amico a fare uno shot.,Ich habe noch nie einen Freund zu einem Shot gezwungen.,Eu nunca nunca forcei um amigo a fazer um shot.,我从未强迫朋友喝一杯。
91,Yo nunca nunca he hecho fotos en grupo y salido terrible en todas.,I have never ever taken group photos and looked terrible in all of them.,Je n'ai jamais pris des photos de groupe et ete horrible sur toutes.,Non ho mai fatto foto di gruppo ed essere venuto orribile in tutte.,Ich habe noch nie auf allen Gruppenfotos schrecklich ausgesehen.,Eu nunca nunca tirei fotos de grupo e sai terrivel em todas.,我从未合影每张都拍得很丑。
92,Yo nunca nunca he prometido ir a una fiesta y cancelado en el ultimo momento.,I have never ever promised to go to a party and cancelled last minute.,Je n'ai jamais promis d'aller a une fete et annule au dernier moment.,Non ho mai promesso di andare a una festa e cancellato all'ultimo momento.,Ich habe noch nie versprochen zu einer Party zu gehen und in letzter Minute abgesagt.,Eu nunca nunca prometi ir a uma festa e cancelei a ultima hora.,我从未答应去派对然后临时爽约。
93,Yo nunca nunca he despertado con un numero de telefono escrito en la mano.,I have never ever woken up with a phone number written on my hand.,Je ne me suis jamais reveille avec un numero de telephone ecrit sur la main.,Non mi sono mai svegliato con un numero di telefono scritto sulla mano.,Ich bin noch nie mit einer Telefonnummer auf meiner Hand aufgewacht.,Eu nunca nunca acordei com um numero de telefone escrito na mao.,我从未醒来发现手上写着电话号码。
94,Yo nunca nunca he intentado hacer beatbox borracho.,I have never ever tried to beatbox while drunk.,Je n'ai jamais essaye de faire du beatbox en etant ivre.,Non ho mai provato a fare beatbox da ubriaco.,Ich habe noch nie betrunken versucht Beatbox zu machen.,Eu nunca nunca tentei fazer beatbox estando bebado.,我从未喝醉后尝试模拟打碟。
95,Yo nunca nunca me he equivocado de fiesta o de bar.,I have never ever gone to the wrong party or bar.,Je ne suis jamais alle a la mauvaise fete ou au mauvais bar.,Non sono mai andato alla festa o al bar sbagliato.,Ich bin noch nie auf der falschen Party oder in der falschen Bar gelandet.,Eu nunca nunca me enganei de festa ou de bar.,我从未去错派对或酒吧。
96,Yo nunca nunca he hecho un video en directo borracho en redes sociales.,I have never ever gone live on social media while drunk.,Je n'ai jamais fait un live sur les reseaux sociaux en etant ivre.,Non ho mai fatto una diretta sui social da ubriaco.,Ich habe noch nie betrunken ein Live-Video in sozialen Medien gemacht.,Eu nunca nunca fiz uma live nas redes sociais estando bebado.,我从未喝醉后在社交媒体上直播。
97,Yo nunca nunca he hecho planking o alguna tonteria viral borracho.,I have never ever done planking or some viral challenge while drunk.,Je n'ai jamais fait du planking ou un defi viral en etant ivre.,Non ho mai fatto planking o qualche sfida virale da ubriaco.,Ich habe noch nie betrunken Planking oder eine virale Challenge gemacht.,Eu nunca nunca fiz planking ou alguma parvoice viral estando bebado.,我从未喝醉后跟风做过愚蠢的网络挑战。
98,Yo nunca nunca me he despertado con marcas de rotulador en la cara.,I have never ever woken up with marker drawings on my face.,Je ne me suis jamais reveille avec des dessins au marqueur sur le visage.,Non mi sono mai svegliato con segni di pennarello sulla faccia.,Ich bin noch nie mit Filzstiftzeichnungen im Gesicht aufgewacht.,Eu nunca nunca acordei com marcas de marcador na cara.,我从未醒来发现脸上被人画了东西。
99,Yo nunca nunca he bailado solo en medio de la pista creyendome el rey.,I have never ever danced alone in the middle of the floor thinking I was the king.,Je n'ai jamais danse seul au milieu de la piste en me prenant pour le roi.,Non ho mai ballato da solo in mezzo alla pista credendomi il re.,Ich habe noch nie allein mitten auf der Tanzflaeche getanzt und mich wie ein Koenig gefuehlt.,Eu nunca nunca dancei sozinho no meio da pista achando-me o rei.,我从未一个人在舞池中央嗨得自以为是。
100,Yo nunca nunca he dicho que esta era mi ultima copa y luego me he tomado cinco mas.,I have never ever said this is my last drink and then had five more.,Je n'ai jamais dit que c'etait mon dernier verre et en ai bu cinq de plus.,Non ho mai detto che questo era il mio ultimo drink e poi ne ho bevuti altri cinque.,Ich habe noch nie gesagt das ist mein letztes Getraenk und dann fuenf weitere getrunken.,Eu nunca nunca disse que era o meu ultimo copo e depois bebi mais cinco.,我从未说这是最后一杯然后又喝了五杯。
